tarea,tick_ms,us_inicio,us_fin,duracion_us
Tmr Svc,0,433,751,318
Supervisor,1,751,852,101
TrabajoA,1,852,1821,969
TrabajoB,2,1821,3005,1184
TrabajoA,3,3005,4040,1035
TrabajoB,4,4040,5074,1034
TrabajoA,5,5074,6107,1033
TrabajoB,6,6107,7153,1046
TrabajoA,7,7153,8182,1029
TrabajoB,8,8182,9271,1089
TrabajoA,9,9271,10319,1048
TrabajoB,10,10319,11351,1032
TrabajoA,11,11351,12384,1033
TrabajoB,12,12384,13419,1035
TrabajoA,13,13419,14604,1185
TrabajoB,14,14604,15735,1131
TrabajoA,15,15735,17049,1314
TrabajoB,16,17049,18075,1026
TrabajoA,17,18075,19106,1031
TrabajoB,18,19106,20161,1055
TrabajoA,19,20161,21193,1032
TrabajoB,20,21193,22228,1035
TrabajoA,21,22228,23266,1038
TrabajoB,22,23266,24306,1040
TrabajoA,23,24306,25371,1065
TrabajoB,24,25371,26408,1037
TrabajoA,25,26408,27472,1064
TrabajoB,26,27472,28666,1194
TrabajoA,27,28666,29794,1128
TrabajoB,28,29794,31788,1994
TrabajoA,29,31788,33289,1501
TrabajoB,30,33289,35284,1995
TrabajoA,31,35284,37281,1997
TrabajoB,32,37281,39274,1993
TrabajoA,33,39274,41268,1994
TrabajoB,34,41268,43262,1994
TrabajoA,35,43262,45258,1996
TrabajoB,36,45258,47261,2003
TrabajoA,37,47261,49250,1989
TrabajoB,38,49250,51242,1992
TrabajoA,39,51242,52799,1557
TrabajoB,40,52799,53910,1111
TrabajoA,41,53910,54988,1078
TrabajoB,42,54988,56053,1065
TrabajoA,43,56053,57105,1052
TrabajoB,44,57105,58136,1031
TrabajoA,45,58136,59167,1031
TrabajoB,46,59167,60228,1061
TrabajoA,47,60228,61346,1118
TrabajoB,48,61346,62368,1022
TrabajoA,49,62368,63399,1031
TrabajoB,50,63399,64460,1061
TrabajoA,51,64460,65518,1058
TrabajoB,52,65518,66549,1031
TrabajoA,53,66549,67579,1030
TrabajoB,54,67579,68626,1047
TrabajoA,55,68626,69657,1031
TrabajoB,56,69657,70755,1098
TrabajoA,57,70755,71784,1029
TrabajoB,58,71784,72819,1035
TrabajoA,59,72819,73904,1085
TrabajoB,60,73904,74936,1032
TrabajoA,61,74936,75970,1034
TrabajoB,62,75970,77052,1082
TrabajoA,63,77052,78170,1118
TrabajoB,64,78170,79256,1086
TrabajoA,65,79256,80290,1034
TrabajoB,66,80290,81325,1035
TrabajoA,67,81325,83323,1998
TrabajoB,68,83323,84823,1500
TrabajoA,69,84823,86819,1996
TrabajoB,70,86819,88813,1994
TrabajoA,71,88813,90806,1993
TrabajoB,72,90806,92312,1506
TrabajoA,73,92312,93347,1035
TrabajoB,74,93347,94493,1146
TrabajoA,75,94493,95549,1056
TrabajoB,76,95549,96639,1090
TrabajoA,77,96639,97667,1028
TrabajoB,78,97667,98706,1039
TrabajoA,79,98706,99741,1035
TrabajoB,80,99741,100774,1033
TrabajoA,81,100774,101810,1036
TrabajoB,82,101810,102844,1034
TrabajoA,83,102844,103883,1039
TrabajoB,84,103883,104915,1032
TrabajoA,85,104915,106008,1093
TrabajoB,86,106008,107094,1086
TrabajoA,87,107094,108241,1147
TrabajoB,88,108241,109303,1062
TrabajoA,89,109303,110336,1033
TrabajoB,90,110336,111371,1035
TrabajoA,91,111371,112405,1034
TrabajoB,92,112405,113432,1027
TrabajoA,93,113432,114950,1518
TrabajoB,94,114950,116946,1996
TrabajoA,95,116946,118940,1994
TrabajoB,96,118940,120034,1094
TrabajoA,97,120034,121094,1060
TrabajoB,98,121094,122126,1032
TrabajoA,99,122126,123181,1055
TrabajoB,100,123181,124696,1515
TrabajoA,101,124696,126197,1501
TrabajoB,102,126197,128196,1999
TrabajoA,103,128196,130190,1994
TrabajoB,104,130190,132182,1992
TrabajoA,105,132182,134177,1995
TrabajoB,106,134177,136172,1995
TrabajoA,107,136172,137316,1144
TrabajoB,108,137316,138416,1100
TrabajoA,109,138416,139446,1030
TrabajoB,110,139446,140478,1032
TrabajoA,111,140478,141509,1031
TrabajoB,112,141509,142540,1031
TrabajoA,113,142540,143575,1035
TrabajoB,114,143575,144607,1032
TrabajoA,115,144607,145638,1031
TrabajoB,116,145638,146668,1030
TrabajoA,117,146668,147731,1063
TrabajoB,118,147731,148815,1084
TrabajoA,119,148815,149951,1136
TrabajoB,120,149951,151035,1084
TrabajoA,121,151035,152066,1031
TrabajoB,122,152066,153101,1035
TrabajoA,123,153101,154170,1069
TrabajoB,124,154170,155199,1029
TrabajoA,125,155199,156223,1024
TrabajoB,126,156223,157251,1028
TrabajoA,127,157251,158299,1048
TrabajoB,128,158299,159323,1024
TrabajoA,129,159323,160364,1041
TrabajoB,130,160364,161523,1159
TrabajoA,131,161523,162611,1088
TrabajoB,132,162611,163671,1060
TrabajoA,133,163671,164756,1085
TrabajoB,134,164756,166753,1997
TrabajoA,135,166753,168255,1502
TrabajoB,136,168255,170259,2004
TrabajoA,137,170259,172251,1992
TrabajoB,138,172251,174239,1988
TrabajoA,139,174239,176233,1994
TrabajoB,140,176233,177810,1577
TrabajoA,141,177810,178946,1136
TrabajoB,142,178946,180008,1062
TrabajoA,143,180008,181041,1033
TrabajoB,144,181041,182077,1036
TrabajoA,145,182077,183111,1034
TrabajoB,146,183111,184173,1062
TrabajoA,147,184173,185208,1035
TrabajoB,148,185208,186246,1038
TrabajoA,149,186246,187371,1125
TrabajoB,150,187371,188437,1066
TrabajoA,151,188437,189504,1067
TrabajoB,152,189504,190589,1085
TrabajoA,153,190589,191650,1061
TrabajoB,154,191650,192714,1064
TrabajoA,155,192714,193746,1032
TrabajoB,156,193746,194772,1026
TrabajoA,157,194772,195798,1026
TrabajoB,158,195798,196838,1040
TrabajoA,159,196838,197872,1034
TrabajoB,160,197872,198907,1035
TrabajoA,161,198907,200034,1127
TrabajoB,162,200034,201081,1047
TrabajoA,163,201081,202202,1121
TrabajoB,164,202202,203296,1094
TrabajoA,165,203296,204400,1104
TrabajoB,166,204400,205433,1033
TrabajoA,167,205433,206951,1518
TrabajoB,168,206951,208452,1501
TrabajoA,169,208452,210448,1996
TrabajoB,170,210448,212444,1996
TrabajoA,171,212444,214438,1994
TrabajoB,172,214438,216435,1997
TrabajoA,173,216435,218432,1997
TrabajoB,174,218432,220426,1994
TrabajoA,175,220426,222415,1989
TrabajoB,176,222415,224410,1995
TrabajoA,177,224410,226405,1995
TrabajoB,178,226405,228400,1995
TrabajoA,179,228400,229502,1102
TrabajoB,180,229502,230694,1192
TrabajoA,181,230694,231725,1031
TrabajoB,182,231725,232758,1033
TrabajoA,183,232758,233806,1048
TrabajoB,184,233806,234840,1034
TrabajoA,185,234840,235873,1033
TrabajoB,186,235873,236909,1036
TrabajoA,187,236909,237945,1036
TrabajoB,188,237945,239031,1086
TrabajoA,189,239031,240091,1060
TrabajoB,190,240091,241243,1152
TrabajoA,191,241243,242310,1067
TrabajoB,192,242310,243402,1092
TrabajoA,193,243402,244479,1077
TrabajoB,194,244479,245520,1041
TrabajoA,195,245520,246646,1126
TrabajoB,196,246646,247685,1039
TrabajoA,197,247685,248739,1054
TrabajoB,198,248739,249776,1037
TrabajoA,199,249776,250813,1037
TrabajoB,200,250813,251886,1073
TrabajoA,201,251886,252951,1065
TrabajoB,202,252951,253993,1042
TrabajoA,203,253993,255024,1031
TrabajoB,204,255024,256155,1131
TrabajoA,205,256155,257215,1060
TrabajoB,206,257215,258247,1032
TrabajoA,207,258247,260244,1997
TrabajoB,208,260244,261751,1507
TrabajoA,209,261751,263746,1995
TrabajoB,210,263746,265737,1991
TrabajoA,211,265737,267732,1995
TrabajoB,212,267732,269726,1994
TrabajoA,213,269726,271725,1999
TrabajoB,214,271725,273717,1992
TrabajoA,215,273717,275711,1994
TrabajoB,216,275711,277707,1996
TrabajoA,217,277707,279700,1993
TrabajoB,218,279700,281695,1995
TrabajoA,219,281695,283689,1994
TrabajoB,220,283689,285684,1995
TrabajoA,221,285684,287679,1995
TrabajoB,222,287679,289674,1995
TrabajoA,223,289674,291668,1994
TrabajoB,224,291668,292932,1264
TrabajoA,225,292932,293981,1049
TrabajoB,226,293981,295016,1035
TrabajoA,227,295016,296081,1065
TrabajoB,228,296081,297189,1108
TrabajoA,229,297189,298220,1031
TrabajoB,230,298220,299251,1031
TrabajoA,231,299251,300282,1031
TrabajoB,232,300282,301314,1032
TrabajoA,233,301314,302345,1031
TrabajoB,234,302345,303384,1039
TrabajoA,235,303384,304494,1110
TrabajoB,236,304494,305553,1059
TrabajoA,237,305553,306586,1033
TrabajoB,238,306586,307686,1100
TrabajoA,239,307686,308744,1058
TrabajoB,240,308744,309834,1090
TrabajoA,241,309834,310895,1061
TrabajoB,242,310895,311925,1030
TrabajoA,243,311925,312958,1033
TrabajoB,244,312958,313989,1031
TrabajoA,245,313989,315021,1032
TrabajoB,246,315021,317018,1997
TrabajoA,247,317018,318521,1503
TrabajoB,248,318521,320516,1995
TrabajoA,249,320516,322512,1996
TrabajoB,250,322512,324505,1993
TrabajoA,251,324505,326498,1993
TrabajoB,252,326498,327563,1065
TrabajoA,253,327563,328594,1031
TrabajoB,254,328594,329652,1058
TrabajoA,255,329652,330683,1031
TrabajoB,256,330683,331771,1088
TrabajoA,257,331771,332829,1058
TrabajoB,258,332829,333860,1031
TrabajoA,259,333860,334892,1032
TrabajoB,260,334892,335924,1032
TrabajoA,261,335924,336957,1033
TrabajoB,262,336957,338048,1091
TrabajoA,263,338048,339146,1098
TrabajoB,264,339146,340239,1093
TrabajoA,265,340239,341302,1063
TrabajoB,266,341302,342335,1033
TrabajoA,267,342335,343427,1092
TrabajoB,268,343427,344510,1083
TrabajoA,269,344510,345540,1030
TrabajoB,270,345540,346572,1032
TrabajoA,271,346572,347602,1030
TrabajoB,272,347602,348634,1032
TrabajoA,273,348634,349666,1032
TrabajoB,274,349666,350727,1061
TrabajoA,275,350727,351757,1030
TrabajoB,276,351757,352816,1059
TrabajoA,277,352816,354091,1275
TrabajoB,278,354091,355129,1038
TrabajoA,279,355129,356677,1548
TrabajoB,280,356677,358672,1995
TrabajoA,281,358672,360665,1993
TrabajoB,282,360665,362661,1996
TrabajoA,283,362661,364656,1995
TrabajoB,284,364656,366648,1992
TrabajoA,285,366648,368645,1997
TrabajoB,286,368645,369792,1147
TrabajoA,287,369792,370935,1143
TrabajoB,288,370935,372162,1227
TrabajoA,289,372162,373920,1758
TrabajoB,290,373920,375469,1549
TrabajoA,291,375469,376508,1039
TrabajoB,292,376508,377727,1219
TrabajoA,293,377727,378766,1039
TrabajoB,294,378766,379798,1032
TrabajoA,295,379798,380931,1133
TrabajoB,296,380931,381960,1029
TrabajoA,297,381960,383055,1095
TrabajoB,298,383055,384224,1169
TrabajoA,299,384224,385286,1062
TrabajoB,300,385286,386317,1031
TrabajoA,301,386317,387383,1066
TrabajoB,302,387383,388411,1028
TrabajoA,303,388411,389444,1033
TrabajoB,304,389444,390476,1032
TrabajoA,305,390476,391542,1066
TrabajoB,306,391542,392630,1088
TrabajoA,307,392630,393692,1062
TrabajoB,308,393692,394754,1062
TrabajoA,309,394754,395816,1062
TrabajoB,310,395816,396852,1036
TrabajoA,311,396852,397919,1067
TrabajoB,312,397919,398998,1079
TrabajoA,313,398998,400069,1071
TrabajoB,314,400069,401109,1040
TrabajoA,315,401109,403105,1996
TrabajoB,316,403105,404609,1504
TrabajoA,317,404609,406603,1994
TrabajoB,318,406603,408598,1995
TrabajoA,319,408598,410593,1995
TrabajoB,320,410593,412586,1993
TrabajoA,321,412586,414146,1560
TrabajoB,322,414146,415359,1213
TrabajoA,323,415359,416444,1085
TrabajoB,324,416444,417475,1031
TrabajoA,325,417475,418507,1032
TrabajoB,326,418507,419538,1031
TrabajoA,327,419538,420571,1033
TrabajoB,328,420571,421602,1031
TrabajoA,329,421602,422634,1032
TrabajoB,330,422634,423665,1031
TrabajoA,331,423665,424696,1031
TrabajoB,332,424696,425815,1119
TrabajoA,333,425815,426922,1107
TrabajoB,334,426922,427982,1060
TrabajoA,335,427982,429055,1073
TrabajoB,336,429055,430275,1220
TrabajoA,337,430275,431312,1037
TrabajoB,338,431312,432346,1034
TrabajoA,339,432346,433381,1035
TrabajoB,340,433381,434419,1038
TrabajoA,341,434419,435452,1033
TrabajoB,342,435452,436486,1034
TrabajoA,343,436486,437558,1072
TrabajoB,344,437558,438669,1111
TrabajoA,345,438669,439783,1114
TrabajoB,346,439783,440842,1059
TrabajoA,347,440842,441877,1035
TrabajoB,348,441877,443395,1518
TrabajoA,349,443395,445388,1993
TrabajoB,350,445388,447393,2005
TrabajoA,351,447393,449376,1983
TrabajoB,352,449376,451370,1994
TrabajoA,353,451370,453372,2002
TrabajoB,354,453372,455365,1993
TrabajoA,355,455365,456914,1549
TrabajoB,356,456914,458027,1113
TrabajoA,357,458027,459139,1112
TrabajoB,358,459139,460171,1032
TrabajoA,359,460171,461256,1085
TrabajoB,360,461256,462289,1033
TrabajoA,361,462289,463322,1033
TrabajoB,362,463322,464358,1036
TrabajoA,363,464358,465395,1037
TrabajoB,364,465395,466432,1037
TrabajoA,365,466432,467469,1037
TrabajoB,366,467469,468507,1038
TrabajoA,367,468507,469577,1070
TrabajoB,368,469577,470813,1236
TrabajoA,369,470813,471878,1065
TrabajoB,370,471878,472916,1038
TrabajoA,371,472916,473968,1052
TrabajoB,372,473968,475006,1038
TrabajoA,373,475006,476043,1037
TrabajoB,374,476043,477248,1205
TrabajoA,375,477248,478275,1027
TrabajoB,376,478275,479304,1029
TrabajoA,377,479304,480353,1049
TrabajoB,378,480353,481417,1064
TrabajoA,379,481417,482457,1040
TrabajoB,380,482457,483552,1095
TrabajoA,381,483552,484694,1142
TrabajoB,382,484694,485733,1039
TrabajoA,383,485733,487733,2000
TrabajoB,384,487733,489233,1500
TrabajoA,385,489233,491229,1996
TrabajoB,386,491229,492740,1511
TrabajoA,387,492740,494731,1991
TrabajoB,388,494731,496725,1994
TrabajoA,389,496725,498719,1994
TrabajoB,390,498719,500714,1995
TrabajoA,391,500714,502708,1994
TrabajoB,392,502708,504707,1999
TrabajoA,393,504707,506699,1992
TrabajoB,394,506699,508693,1994
TrabajoA,395,508693,509864,1171
TrabajoB,396,509864,510928,1064
TrabajoA,397,510928,511965,1037
TrabajoB,398,511965,513000,1035
TrabajoA,399,513000,514035,1035
TrabajoB,400,514035,515070,1035
TrabajoA,401,515070,516105,1035
TrabajoB,402,516105,517140,1035
TrabajoA,403,517140,518179,1039
TrabajoB,404,518179,519216,1037
TrabajoA,405,519216,520284,1068
TrabajoB,406,520284,521399,1115
TrabajoA,407,521399,522585,1186
TrabajoB,408,522585,523643,1058
TrabajoA,409,523643,524677,1034
TrabajoB,410,524677,525712,1035
TrabajoA,411,525712,526747,1035
TrabajoB,412,526747,527782,1035
TrabajoA,413,527782,528817,1035
TrabajoB,414,528817,529852,1035
TrabajoA,415,529852,530887,1035
TrabajoB,416,530887,531951,1064
TrabajoA,417,531951,533065,1114
TrabajoB,418,533065,534113,1048
TrabajoA,419,534113,535201,1088
TrabajoB,420,535201,536262,1061
TrabajoA,421,536262,537295,1033
TrabajoB,422,537295,539293,1998
TrabajoA,423,539293,540796,1503
TrabajoB,424,540796,542790,1994
TrabajoA,425,542790,544784,1994
TrabajoB,426,544784,546781,1997
TrabajoA,427,546781,548778,1997
TrabajoB,428,548778,550770,1992
TrabajoA,429,550770,552766,1996
TrabajoB,430,552766,554770,2004
TrabajoA,431,554770,556753,1983
TrabajoB,432,556753,557997,1244
TrabajoA,433,557997,559989,1992
TrabajoB,434,559989,561076,1087
TrabajoA,435,561076,562112,1036
TrabajoB,436,562112,563184,1072
TrabajoA,437,563184,564232,1048
TrabajoB,438,564232,565269,1037
TrabajoA,439,565269,566305,1036
TrabajoB,440,566305,567343,1038
TrabajoA,441,567343,568380,1037
TrabajoB,442,568380,569487,1107
TrabajoA,443,569487,570549,1062
TrabajoB,444,570549,571628,1079
TrabajoA,445,571628,572713,1085
TrabajoB,446,572713,573777,1064
TrabajoA,447,573777,574808,1031
TrabajoB,448,574808,575839,1031
TrabajoA,449,575839,576872,1033
TrabajoB,450,576872,577904,1032
TrabajoA,451,577904,578949,1045
TrabajoB,452,578949,579982,1033
TrabajoA,453,579982,581013,1031
TrabajoB,454,581013,582045,1032
TrabajoA,455,582045,583134,1089
TrabajoB,456,583134,584232,1098
TrabajoA,457,584232,585325,1093
TrabajoB,458,585325,586415,1090
TrabajoA,459,586415,587455,1040
TrabajoB,460,587455,588490,1035
TrabajoA,461,588490,590487,1997
TrabajoB,462,590487,591991,1504
TrabajoA,463,591991,593989,1998
TrabajoB,464,593989,595982,1993
TrabajoA,465,595982,597975,1993
TrabajoB,466,597975,599972,1997
TrabajoA,467,599972,601965,1993
TrabajoB,468,601965,603961,1996
TrabajoA,469,603961,605954,1993
TrabajoB,470,605954,607948,1994
TrabajoA,471,607948,609945,1997
TrabajoB,472,609945,611496,1551
TrabajoA,473,611496,612560,1064
TrabajoB,474,612560,613698,1138
TrabajoA,475,613698,614810,1112
TrabajoB,476,614810,615841,1031
TrabajoA,477,615841,616870,1029
TrabajoB,478,616870,617900,1030
TrabajoA,479,617900,618945,1045
TrabajoB,480,618945,620006,1061
TrabajoA,481,620006,621055,1049
TrabajoB,482,621055,622085,1030
TrabajoA,483,622085,623180,1095
TrabajoB,484,623180,624253,1073
TrabajoA,485,624253,625286,1033
TrabajoB,486,625286,626324,1038
TrabajoA,487,626324,627462,1138
TrabajoB,488,627462,628547,1085
TrabajoA,489,628547,629581,1034
TrabajoB,490,629581,630659,1078
TrabajoA,491,630659,631700,1041
TrabajoB,492,631700,632733,1033
TrabajoA,493,632733,633766,1033
TrabajoB,494,633766,634845,1079
TrabajoA,495,634845,635880,1035
TrabajoB,496,635880,636973,1093
TrabajoA,497,636973,638009,1036
TrabajoB,498,638009,639078,1069
TrabajoA,499,639078,640115,1037
TrabajoB,500,640115,642115,2000
TrabajoA,501,642115,644107,1992
TrabajoB,502,644107,646113,2006
TrabajoA,503,646113,648101,1988
TrabajoB,504,648101,650091,1990
TrabajoA,505,650091,652085,1994
TrabajoB,506,652085,654091,2006
TrabajoA,507,654091,656076,1985
TrabajoB,508,656076,658070,1994
TrabajoA,509,658070,660064,1994
TrabajoB,510,660064,662063,1999
TrabajoA,511,662063,663613,1550
TrabajoB,512,663613,664717,1104
TrabajoA,513,664717,665830,1113
TrabajoB,514,665830,666867,1037
TrabajoA,515,666867,667904,1037
TrabajoB,516,667904,668944,1040
TrabajoA,517,668944,669987,1043
TrabajoB,518,669987,671022,1035
TrabajoA,519,671022,672051,1029
TrabajoB,520,672051,673083,1032
TrabajoA,521,673083,674169,1086
TrabajoB,522,674169,675203,1034
TrabajoA,523,675203,676235,1032
TrabajoB,524,676235,677404,1169
TrabajoA,525,677404,678496,1092
TrabajoB,526,678496,679531,1035
TrabajoA,527,679531,680563,1032
TrabajoB,528,680563,681597,1034
TrabajoA,529,681597,682631,1034
TrabajoB,530,682631,683671,1040
TrabajoA,531,683671,684705,1034
TrabajoB,532,684705,685821,1116
TrabajoA,533,685821,686884,1063
TrabajoB,534,686884,687917,1033
TrabajoA,535,687917,688985,1068
TrabajoB,536,688985,690103,1118
TrabajoA,537,690103,691135,1032
TrabajoB,538,691135,692293,1158
TrabajoA,539,692293,694286,1993
TrabajoB,540,694286,695796,1510
TrabajoA,541,695796,697790,1994
TrabajoB,542,697790,699785,1995
TrabajoA,543,699785,701779,1994
TrabajoB,544,701779,703777,1998
TrabajoA,545,703777,705770,1993
TrabajoB,546,705770,707764,1994
TrabajoA,547,707764,709760,1996
TrabajoB,548,709760,711752,1992
TrabajoA,549,711752,713750,1998
TrabajoB,550,713750,715320,1570
TrabajoA,551,715320,716358,1038
TrabajoB,552,716358,717422,1064
TrabajoA,553,717422,718485,1063
TrabajoB,554,718485,719519,1034
TrabajoA,555,719519,720556,1037
TrabajoB,556,720556,721590,1034
TrabajoA,557,721590,722625,1035
TrabajoB,558,722625,723694,1069
TrabajoA,559,723694,724724,1030
TrabajoB,560,724724,725755,1031
TrabajoA,561,725755,726800,1045
TrabajoB,562,726800,727924,1124
TrabajoA,563,727924,729040,1116
TrabajoB,564,729040,730077,1037
TrabajoA,565,730077,731114,1037
TrabajoB,566,731114,732180,1066
TrabajoA,567,732180,733269,1089
TrabajoB,568,733269,734306,1037
TrabajoA,569,734306,735343,1037
TrabajoB,570,735343,736378,1035
TrabajoA,571,736378,737421,1043
TrabajoB,572,737421,738452,1031
TrabajoA,573,738452,739596,1144
TrabajoB,574,739596,740729,1133
TrabajoA,575,740729,741839,1110
TrabajoB,576,741839,742867,1028
TrabajoA,577,742867,743928,1061
TrabajoB,578,743928,745927,1999
TrabajoA,579,745927,747429,1502
TrabajoB,580,747429,749424,1995
TrabajoA,581,749424,751418,1994
TrabajoB,582,751418,753416,1998
TrabajoA,583,753416,755413,1997
TrabajoB,584,755413,757403,1990
TrabajoA,585,757403,759397,1994
TrabajoB,586,759397,761392,1995
TrabajoA,587,761392,763386,1994
TrabajoB,588,763386,765381,1995
TrabajoA,589,765381,766930,1549
TrabajoB,590,766930,768017,1087
TrabajoA,591,768017,769102,1085
TrabajoB,592,769102,770193,1091
TrabajoA,593,770193,771264,1071
TrabajoB,594,771264,772290,1026
TrabajoA,595,772290,773335,1045
TrabajoB,596,773335,774377,1042
TrabajoA,597,774377,775400,1023
TrabajoB,598,775400,776427,1027
TrabajoA,599,776427,777456,1029
TrabajoB,600,777456,778497,1041
TrabajoA,601,778497,779610,1113
TrabajoB,602,779610,780805,1195
TrabajoA,603,780805,781896,1091
TrabajoB,604,781896,782931,1035
TrabajoA,605,782931,783963,1032
TrabajoB,606,783963,784999,1036
TrabajoA,607,784999,786063,1064
TrabajoB,608,786063,787103,1040
TrabajoA,609,787103,788140,1037
TrabajoB,610,788140,789176,1036
TrabajoA,611,789176,790211,1035
TrabajoB,612,790211,791246,1035
TrabajoA,613,791246,792336,1090
TrabajoB,614,792336,793472,1136
TrabajoA,615,793472,794559,1087
TrabajoB,616,794559,795593,1034
TrabajoA,617,795593,797590,1997
TrabajoB,618,797590,799094,1504
TrabajoA,619,799094,801090,1996
TrabajoB,620,801090,803089,1999
TrabajoA,621,803089,804245,1156
TrabajoB,622,804245,806239,1994
TrabajoA,623,806239,808232,1993
TrabajoB,624,808232,809776,1544
TrabajoA,625,809776,810865,1089
TrabajoB,626,810865,811900,1035
TrabajoA,627,811900,812935,1035
TrabajoB,628,812935,813970,1035
TrabajoA,629,813970,815005,1035
TrabajoB,630,815005,816040,1035
TrabajoA,631,816040,817113,1073
TrabajoB,632,817113,818150,1037
TrabajoA,633,818150,819190,1040
TrabajoB,634,819190,820330,1140
TrabajoA,635,820330,821467,1137
TrabajoB,636,821467,822505,1038
TrabajoA,637,822505,823541,1036
TrabajoB,638,823541,824577,1036
TrabajoA,639,824577,825614,1037
TrabajoB,640,825614,826651,1037
TrabajoA,641,826651,827688,1037
TrabajoB,642,827688,828725,1037
TrabajoA,643,828725,829762,1037
TrabajoB,644,829762,830801,1039
TrabajoA,645,830801,831869,1068
TrabajoB,646,831869,832960,1091
TrabajoA,647,832960,834119,1159
TrabajoB,648,834119,835205,1086
TrabajoA,649,835205,836240,1035
TrabajoB,650,836240,837278,1038
TrabajoA,651,837278,839275,1997
TrabajoB,652,839275,840779,1504
TrabajoA,653,840779,842774,1995
TrabajoB,654,842774,844770,1996
TrabajoA,655,844770,846763,1993
TrabajoB,656,846763,848776,2013
TrabajoA,657,848776,850761,1985
TrabajoB,658,850761,852749,1988
TrabajoA,659,852749,854749,2000
TrabajoB,660,854749,856738,1989
TrabajoA,661,856738,858733,1995
TrabajoB,662,858733,860292,1559
TrabajoA,663,860292,861369,1077
TrabajoB,664,861369,862483,1114
TrabajoA,665,862483,863786,1303
TrabajoB,666,863786,864821,1035
TrabajoA,667,864821,865858,1037
TrabajoB,668,865858,866895,1037
TrabajoA,669,866895,867932,1037
TrabajoB,670,867932,868969,1037
TrabajoA,671,868969,870021,1052
TrabajoB,672,870021,871094,1073
TrabajoA,673,871094,872122,1028
TrabajoB,674,872122,873235,1113
TrabajoA,675,873235,874322,1087
TrabajoB,676,874322,875396,1074
TrabajoA,677,875396,876419,1023
TrabajoB,678,876419,877451,1032
TrabajoA,679,877451,878484,1033
TrabajoB,680,878484,879566,1082
TrabajoA,681,879566,880606,1040
TrabajoB,682,880606,881647,1041
TrabajoA,683,881647,882689,1042
TrabajoB,684,882689,883731,1042
TrabajoA,685,883731,884827,1096
TrabajoB,686,884827,885956,1129
TrabajoA,687,885956,887048,1092
TrabajoB,688,887048,888084,1036
TrabajoA,689,888084,889119,1035
TrabajoB,690,889119,891115,1996
TrabajoA,691,891115,892617,1502
TrabajoB,692,892617,894614,1997
TrabajoA,693,894614,896610,1996
TrabajoB,694,896610,898604,1994
TrabajoA,695,898604,900600,1996
TrabajoB,696,900600,901724,1124
TrabajoA,697,901724,902853,1129
TrabajoB,698,902853,903949,1096
TrabajoA,699,903949,905013,1064
TrabajoB,700,905013,906048,1035
TrabajoA,701,906048,907084,1036
TrabajoB,702,907084,908124,1040
TrabajoA,703,908124,909172,1048
TrabajoB,704,909172,910233,1061
TrabajoA,705,910233,911269,1036
TrabajoB,706,911269,912334,1065
TrabajoA,707,912334,913398,1064
TrabajoB,708,913398,914514,1116
TrabajoA,709,914514,915603,1089
TrabajoB,710,915603,916640,1037
TrabajoA,711,916640,917730,1090
TrabajoB,712,917730,918767,1037
TrabajoA,713,918767,919805,1038
TrabajoB,714,919805,920849,1044
TrabajoA,715,920849,921883,1034
TrabajoB,716,921883,922920,1037
TrabajoA,717,922920,923958,1038
TrabajoB,718,923958,925103,1145
TrabajoA,719,925103,926175,1072
TrabajoB,720,926175,927211,1036
TrabajoA,721,927211,928248,1037
TrabajoB,722,928248,929340,1092
TrabajoA,723,929340,930887,1547
TrabajoB,724,930887,932883,1996
TrabajoA,725,932883,934876,1993
TrabajoB,726,934876,936874,1998
TrabajoA,727,936874,938868,1994
TrabajoB,728,938868,940864,1996
TrabajoA,729,940864,942856,1992
TrabajoB,730,942856,944027,1171
TrabajoA,731,944027,945056,1029
TrabajoB,732,945056,946092,1036
TrabajoA,733,946092,947126,1034
TrabajoB,734,947126,948160,1034
TrabajoA,735,948160,949194,1034
TrabajoB,736,949194,950228,1034
TrabajoA,737,950228,951252,1024
TrabajoB,738,951252,953623,2371
TrabajoA,739,953623,954808,1185
TrabajoB,740,954808,956205,1397
TrabajoA,741,956205,957327,1122
TrabajoB,742,957327,958392,1065
TrabajoA,743,958392,959429,1037
TrabajoB,744,959429,960465,1036
TrabajoA,745,960465,961502,1037
TrabajoB,746,961502,962539,1037
TrabajoA,747,962539,963575,1036
TrabajoB,748,963575,964612,1037
TrabajoA,749,964612,965649,1037
TrabajoB,750,965649,966717,1068
TrabajoA,751,966717,967780,1063
TrabajoB,752,967780,968909,1129
TrabajoA,753,968909,969977,1068
TrabajoB,754,969977,971300,1323
TrabajoA,755,971300,972366,1066
TrabajoB,756,972366,973398,1032
TrabajoA,757,973398,975395,1997
TrabajoB,758,975395,976899,1504
TrabajoA,759,976899,978894,1995
TrabajoB,760,978894,980888,1994
TrabajoA,761,980888,982883,1995
TrabajoB,762,982883,984879,1996
TrabajoA,763,984879,985972,1093
TrabajoB,764,985972,987147,1175
TrabajoA,765,987147,988238,1091
TrabajoB,766,988238,989270,1032
TrabajoA,767,989270,990304,1034
TrabajoB,768,990304,991336,1032
TrabajoA,769,991336,992370,1034
TrabajoB,770,992370,993404,1034
TrabajoA,771,993404,994438,1034
TrabajoB,772,994438,995471,1033
TrabajoA,773,995471,996506,1035
TrabajoB,774,996506,997625,1119
TrabajoA,775,997625,998702,1077
TrabajoB,776,998702,999857,1155
TrabajoA,777,999857,1000891,1034
TrabajoB,778,1000891,1001958,1067
TrabajoA,779,1001958,1002994,1036
TrabajoB,780,1002994,1004035,1041
TrabajoA,781,1004035,1005069,1034
TrabajoB,782,1005069,1006107,1038
TrabajoA,783,1006107,1007142,1035
TrabajoB,784,1007142,1008209,1067
TrabajoA,785,1008209,1009328,1119
TrabajoB,786,1009328,1010360,1032
TrabajoA,787,1010360,1011486,1126
TrabajoB,788,1011486,1012519,1033
TrabajoA,789,1012519,1013557,1038
TrabajoB,790,1013557,1015074,1517
TrabajoA,791,1015074,1016578,1504
TrabajoB,792,1016578,1018572,1994
TrabajoA,793,1018572,1020568,1996
TrabajoB,794,1020568,1022566,1998
TrabajoA,795,1022566,1024558,1992
TrabajoB,796,1024558,1026552,1994
TrabajoA,797,1026552,1028549,1997
TrabajoB,798,1028549,1029650,1101
TrabajoA,799,1029650,1030679,1029
TrabajoB,800,1030679,1031715,1036
TrabajoA,801,1031715,1032759,1044
TrabajoB,802,1032759,1033794,1035
TrabajoA,803,1033794,1034831,1037
TrabajoB,804,1034831,1035878,1047
TrabajoA,805,1035878,1036918,1040
TrabajoB,806,1036918,1038560,1642
TrabajoA,807,1038560,1040066,1506
TrabajoB,808,1040066,1041107,1041
TrabajoA,809,1041107,1042611,1504
TrabajoB,810,1042611,1044612,2001
TrabajoA,811,1044612,1046153,1541
TrabajoB,812,1046153,1048155,2002
TrabajoA,813,1048155,1049364,1209
TrabajoB,814,1049364,1050428,1064
TrabajoA,815,1050428,1051581,1153
TrabajoB,816,1051581,1052619,1038
TrabajoA,817,1052619,1053665,1046
TrabajoB,818,1053665,1054716,1051
TrabajoA,819,1054716,1055746,1030
TrabajoB,820,1055746,1056785,1039
TrabajoA,821,1056785,1057811,1026
TrabajoB,822,1057811,1058865,1054
TrabajoA,823,1058865,1059934,1069
TrabajoB,824,1059934,1061003,1069
TrabajoA,825,1061003,1062045,1042
TrabajoB,826,1062045,1063242,1197
TrabajoA,827,1063242,1064300,1058
TrabajoB,828,1064300,1065336,1036
TrabajoA,829,1065336,1066370,1034
TrabajoB,830,1066370,1067468,1098
TrabajoA,831,1067468,1068506,1038
TrabajoB,832,1068506,1069545,1039
TrabajoA,833,1069545,1070805,1260
TrabajoB,834,1070805,1071845,1040
TrabajoA,835,1071845,1072961,1116
TrabajoB,836,1072961,1074013,1052
TrabajoA,837,1074013,1075053,1040
TrabajoB,838,1075053,1076202,1149
TrabajoA,839,1076202,1077277,1075
TrabajoB,840,1077277,1078516,1239
TrabajoA,841,1078516,1080037,1521
TrabajoB,842,1080037,1082034,1997
TrabajoA,843,1082034,1084028,1994
TrabajoB,844,1084028,1086022,1994
TrabajoA,845,1086022,1088023,2001
TrabajoB,846,1088023,1090011,1988
TrabajoA,847,1090011,1092006,1995
TrabajoB,848,1092006,1093119,1113
TrabajoA,849,1093119,1094357,1238
TrabajoB,850,1094357,1095446,1089
TrabajoA,851,1095446,1096480,1034
TrabajoB,852,1096480,1097501,1021
TrabajoA,853,1097501,1099021,1520
TrabajoB,854,1099021,1101017,1996
TrabajoA,855,1101017,1103012,1995
TrabajoB,856,1103012,1105009,1997
TrabajoA,857,1105009,1106555,1546
TrabajoB,858,1106555,1107618,1063
TrabajoA,859,1107618,1108761,1143
TrabajoB,860,1108761,1109807,1046
TrabajoA,861,1109807,1110848,1041
TrabajoB,862,1110848,1111895,1047
TrabajoA,863,1111895,1113617,1722
TrabajoB,864,1113617,1114851,1234
TrabajoA,865,1114851,1116079,1228
TrabajoB,866,1116079,1117154,1075
TrabajoA,867,1117154,1118235,1081
TrabajoB,868,1118235,1119273,1038
TrabajoA,869,1119273,1120452,1179
TrabajoB,870,1120452,1121504,1052
TrabajoA,871,1121504,1122624,1120
TrabajoB,872,1122624,1124074,1450
TrabajoA,873,1124074,1125104,1030
TrabajoB,874,1125104,1126150,1046
TrabajoA,875,1126150,1127205,1055
TrabajoB,876,1127205,1128220,1015
TrabajoA,877,1128220,1130219,1999
TrabajoB,878,1130219,1131723,1504
TrabajoA,879,1131723,1133721,1998
TrabajoB,880,1133721,1135708,1987
TrabajoA,881,1135708,1137702,1994
TrabajoB,882,1137702,1139546,1844
TrabajoA,883,1139546,1140593,1047
TrabajoB,884,1140593,1141692,1099
TrabajoA,885,1141692,1142780,1088
TrabajoB,886,1142780,1143808,1028
TrabajoA,887,1143808,1144865,1057
TrabajoB,888,1144865,1145896,1031
TrabajoA,889,1145896,1146928,1032
TrabajoB,890,1146928,1147960,1032
TrabajoA,891,1147960,1149006,1046
TrabajoB,892,1149006,1150038,1032
TrabajoA,893,1150038,1151122,1084
TrabajoB,894,1151122,1152153,1031
TrabajoA,895,1152153,1153214,1061
TrabajoB,896,1153214,1154374,1160
TrabajoA,897,1154374,1155890,1516
TrabajoB,898,1155890,1156981,1091
TrabajoA,899,1156981,1158016,1035
TrabajoB,900,1158016,1159051,1035
TrabajoA,901,1159051,1160086,1035
TrabajoB,902,1160086,1161121,1035
TrabajoA,903,1161121,1162156,1035
TrabajoB,904,1162156,1163222,1066
TrabajoA,905,1163222,1164295,1073
TrabajoB,906,1164295,1165382,1087
TrabajoA,907,1165382,1166469,1087
TrabajoB,908,1166469,1167503,1034
TrabajoA,909,1167503,1168538,1035
TrabajoB,910,1168538,1170541,2003
TrabajoA,911,1170541,1172531,1990
TrabajoB,912,1172531,1174525,1994
TrabajoA,913,1174525,1176519,1994
TrabajoB,914,1176519,1178517,1998
TrabajoA,915,1178517,1180509,1992
TrabajoB,916,1180509,1182505,1996
TrabajoA,917,1182505,1184498,1993
TrabajoB,918,1184498,1186496,1998
TrabajoA,919,1186496,1188491,1995
TrabajoB,920,1188491,1190483,1992
TrabajoA,921,1190483,1192031,1548
TrabajoB,922,1192031,1193149,1118
TrabajoA,923,1193149,1194233,1084
TrabajoB,924,1194233,1195269,1036
TrabajoA,925,1195269,1196303,1034
TrabajoB,926,1196303,1197338,1035
TrabajoA,927,1197338,1198373,1035
TrabajoB,928,1198373,1199407,1034
TrabajoA,929,1199407,1200442,1035
TrabajoB,930,1200442,1201506,1064
TrabajoA,931,1201506,1202546,1040
TrabajoB,932,1202546,1203595,1049
TrabajoA,933,1203595,1204686,1091
TrabajoB,934,1204686,1205749,1063
TrabajoA,935,1205749,1206880,1131
TrabajoB,936,1206880,1207915,1035
TrabajoA,937,1207915,1208967,1052
TrabajoB,938,1208967,1210004,1037
TrabajoA,939,1210004,1211041,1037
TrabajoB,940,1211041,1212078,1037
TrabajoA,941,1212078,1213114,1036
TrabajoB,942,1213114,1214152,1038
TrabajoA,943,1214152,1215189,1037
TrabajoB,944,1215189,1216227,1038
TrabajoA,945,1216227,1217416,1189
TrabajoB,946,1217416,1218555,1139
TrabajoA,947,1218555,1219645,1090
TrabajoB,948,1219645,1220685,1040
TrabajoA,949,1220685,1222678,1993
TrabajoB,950,1222678,1224182,1504
TrabajoA,951,1224182,1226177,1995
TrabajoB,952,1226177,1228175,1998
TrabajoA,953,1228175,1230166,1991
TrabajoB,954,1230166,1232161,1995
TrabajoA,955,1232161,1234157,1996
TrabajoB,956,1234157,1236150,1993
TrabajoA,957,1236150,1238151,2001
TrabajoB,958,1238151,1240140,1989
TrabajoA,959,1240140,1242135,1995
TrabajoB,960,1242135,1243682,1547
TrabajoA,961,1243682,1244748,1066
TrabajoB,962,1244748,1245768,1020
TrabajoA,963,1245768,1246858,1090
TrabajoB,964,1246858,1247990,1132
TrabajoA,965,1247990,1249020,1030
TrabajoB,966,1249020,1250059,1039
TrabajoA,967,1250059,1251093,1034
TrabajoB,968,1251093,1252130,1037
TrabajoA,969,1252130,1253167,1037
TrabajoB,970,1253167,1254256,1089
TrabajoA,971,1254256,1255296,1040
TrabajoB,972,1255296,1256324,1028
TrabajoA,973,1256324,1257419,1095
TrabajoB,974,1257419,1258454,1035
TrabajoA,975,1258454,1259546,1092
TrabajoB,976,1259546,1260689,1143
TrabajoA,977,1260689,1261724,1035
TrabajoB,978,1261724,1262758,1034
TrabajoA,979,1262758,1263831,1073
TrabajoB,980,1263831,1264865,1034
TrabajoA,981,1264865,1265902,1037
TrabajoB,982,1265902,1266994,1092
TrabajoA,983,1266994,1268061,1067
TrabajoB,984,1268061,1269138,1077
TrabajoA,985,1269138,1270181,1043
TrabajoB,986,1270181,1271248,1067
TrabajoA,987,1271248,1272310,1062
TrabajoB,988,1272310,1274308,1998
TrabajoA,989,1274308,1275811,1503
TrabajoB,990,1275811,1277805,1994
TrabajoA,991,1277805,1279804,1999
TrabajoB,992,1279804,1281795,1991
TrabajoA,993,1281795,1283793,1998
TrabajoB,994,1283793,1285401,1608
TrabajoA,995,1285401,1286493,1092
TrabajoB,996,1286493,1287569,1076
TrabajoA,997,1287569,1288604,1035
TrabajoB,998,1288604,1289657,1053
TrabajoA,999,1289657,1290692,1035
TrabajoB,1000,1290692,1291733,1041
TrabajoA,1001,1291733,1292777,1044
TrabajoB,1002,1292777,1293822,1045
TrabajoA,1003,1293822,1294952,1130
TrabajoB,1004,1294952,1295984,1032
TrabajoA,1005,1295984,1297018,1034
TrabajoB,1006,1297018,1298090,1072
TrabajoA,1007,1298090,1299173,1083
TrabajoB,1008,1299173,1300228,1055
TrabajoA,1009,1300228,1301320,1092
TrabajoB,1010,1301320,1302383,1063
TrabajoA,1011,1302383,1303423,1040
TrabajoB,1012,1303423,1304461,1038
TrabajoA,1013,1304461,1305493,1032
TrabajoB,1014,1305493,1306528,1035
TrabajoA,1015,1306528,1307563,1035
TrabajoB,1016,1307563,1308598,1035
TrabajoA,1017,1308598,1309662,1064
TrabajoB,1018,1309662,1310812,1150
TrabajoA,1019,1310812,1311873,1061
TrabajoB,1020,1311873,1312960,1087
TrabajoA,1021,1312960,1314503,1543
TrabajoB,1022,1314503,1316004,1501
TrabajoA,1023,1316004,1318001,1997
TrabajoB,1024,1318001,1319996,1995
TrabajoA,1025,1319996,1321991,1995
TrabajoB,1026,1321991,1323985,1994
TrabajoA,1027,1323985,1325983,1998
TrabajoB,1028,1325983,1327974,1991
TrabajoA,1029,1327974,1329968,1994
TrabajoB,1030,1329968,1331964,1996
TrabajoA,1031,1331964,1333958,1994
TrabajoB,1032,1333958,1335952,1994
TrabajoA,1033,1335952,1337132,1180
TrabajoB,1034,1337132,1338161,1029
TrabajoA,1035,1338161,1339195,1034
TrabajoB,1036,1339195,1340231,1036
TrabajoA,1037,1340231,1341492,1261
TrabajoB,1038,1341492,1342530,1038
TrabajoA,1039,1342530,1343567,1037
TrabajoB,1040,1343567,1344604,1037
TrabajoA,1041,1344604,1345640,1036
TrabajoB,1042,1345640,1346677,1037
TrabajoA,1043,1346677,1347802,1125
TrabajoB,1044,1347802,1348889,1087
TrabajoA,1045,1348889,1349975,1086
TrabajoB,1046,1349975,1351040,1065
TrabajoA,1047,1351040,1352076,1036
TrabajoB,1048,1352076,1353112,1036
TrabajoA,1049,1353112,1354159,1047
TrabajoB,1050,1354159,1355216,1057
TrabajoA,1051,1355216,1356395,1179
TrabajoB,1052,1356395,1357422,1027
TrabajoA,1053,1357422,1358497,1075
TrabajoB,1054,1358497,1359585,1088
TrabajoA,1055,1359585,1360677,1092
TrabajoB,1056,1360677,1361710,1033
TrabajoA,1057,1361710,1362793,1083
TrabajoB,1058,1362793,1363827,1034
TrabajoA,1059,1363827,1364861,1034
TrabajoB,1060,1364861,1366377,1516
TrabajoA,1061,1366377,1367878,1501
TrabajoB,1062,1367878,1369875,1997
TrabajoA,1063,1369875,1371887,2012
TrabajoB,1064,1371887,1373870,1983
TrabajoA,1065,1373870,1375860,1990
TrabajoB,1066,1375860,1377409,1549
TrabajoA,1067,1377409,1378558,1149
TrabajoB,1068,1378558,1379664,1106
TrabajoA,1069,1379664,1380699,1035
TrabajoB,1070,1380699,1381727,1028
TrabajoA,1071,1381727,1382763,1036
TrabajoB,1072,1382763,1383797,1034
TrabajoA,1073,1383797,1384828,1031
TrabajoB,1074,1384828,1385863,1035
TrabajoA,1075,1385863,1386986,1123
TrabajoB,1076,1386986,1388020,1034
TrabajoA,1077,1388020,1389120,1100
TrabajoB,1078,1389120,1390185,1065
TrabajoA,1079,1390185,1391221,1036
TrabajoB,1080,1391221,1392312,1091
TrabajoA,1081,1392312,1393426,1114
TrabajoB,1082,1393426,1394463,1037
TrabajoA,1083,1394463,1395500,1037
TrabajoB,1084,1395500,1396536,1036
TrabajoA,1085,1396536,1397573,1037
TrabajoB,1086,1397573,1398609,1036
TrabajoA,1087,1398609,1399646,1037
TrabajoB,1088,1399646,1400748,1102
TrabajoA,1089,1400748,1401837,1089
TrabajoB,1090,1401837,1402946,1109
TrabajoA,1091,1402946,1404017,1071
TrabajoB,1092,1404017,1405080,1063
TrabajoA,1093,1405080,1406143,1063
TrabajoB,1094,1406143,1408141,1998
TrabajoA,1095,1408141,1409644,1503
TrabajoB,1096,1409644,1411638,1994
TrabajoA,1097,1411638,1413634,1996
TrabajoB,1098,1413634,1415628,1994
TrabajoA,1099,1415628,1417623,1995
TrabajoB,1100,1417623,1419620,1997
TrabajoA,1101,1419620,1421612,1992
TrabajoB,1102,1421612,1423607,1995
TrabajoA,1103,1423607,1425601,1994
TrabajoB,1104,1425601,1427596,1995
TrabajoA,1105,1427596,1429149,1553
TrabajoB,1106,1429149,1430280,1131
TrabajoA,1107,1430280,1431346,1066
TrabajoB,1108,1431346,1432433,1087
TrabajoA,1109,1432433,1433570,1137
TrabajoB,1110,1433570,1434603,1033
TrabajoA,1111,1434603,1435644,1041
TrabajoB,1112,1435644,1436687,1043
TrabajoA,1113,1436687,1437734,1047
TrabajoB,1114,1437734,1438770,1036
TrabajoA,1115,1438770,1439810,1040
TrabajoB,1116,1439810,1440852,1042
TrabajoA,1117,1440852,1442023,1171
TrabajoB,1118,1442023,1443079,1056
TrabajoA,1119,1443079,1444123,1044
TrabajoB,1120,1444123,1445179,1056
TrabajoA,1121,1445179,1446242,1063
TrabajoB,1122,1446242,1447274,1032
TrabajoA,1123,1447274,1448309,1035
TrabajoB,1124,1448309,1449397,1088
TrabajoA,1125,1449397,1450431,1034
TrabajoB,1126,1450431,1451457,1026
TrabajoA,1127,1451457,1452487,1030
TrabajoB,1128,1452487,1453586,1099
TrabajoA,1129,1453586,1454670,1084
TrabajoB,1130,1454670,1455776,1106
TrabajoA,1131,1455776,1456838,1062
TrabajoB,1132,1456838,1457899,1061
TrabajoA,1133,1457899,1459895,1996
TrabajoB,1134,1459895,1461399,1504
TrabajoA,1135,1461399,1463397,1998
TrabajoB,1136,1463397,1465392,1995
TrabajoA,1137,1465392,1467383,1991
TrabajoB,1138,1467383,1469378,1995
TrabajoA,1139,1469378,1471377,1999
TrabajoB,1140,1471377,1473368,1991
TrabajoA,1141,1473368,1475363,1995
TrabajoB,1142,1475363,1477357,1994
TrabajoA,1143,1477357,1479352,1995
TrabajoB,1144,1479352,1480940,1588
TrabajoA,1145,1480940,1481974,1034
TrabajoB,1146,1481974,1483038,1064
TrabajoA,1147,1483038,1484073,1035
TrabajoB,1148,1484073,1485112,1039
TrabajoA,1149,1485112,1486151,1039
TrabajoB,1150,1486151,1487196,1045
TrabajoA,1151,1487196,1488233,1037
TrabajoB,1152,1488233,1489271,1038
TrabajoA,1153,1489271,1490310,1039
TrabajoB,1154,1490310,1491406,1096
TrabajoA,1155,1491406,1492545,1139
TrabajoB,1156,1492545,1493624,1079
TrabajoA,1157,1493624,1494663,1039
TrabajoB,1158,1494663,1495728,1065
TrabajoA,1159,1495728,1496828,1100
TrabajoB,1160,1496828,1497866,1038
TrabajoA,1161,1497866,1498907,1041
TrabajoB,1162,1498907,1499934,1027
TrabajoA,1163,1499934,1500972,1038
TrabajoB,1164,1500972,1502007,1035
TrabajoA,1165,1502007,1503070,1063
TrabajoB,1166,1503070,1504185,1115
TrabajoA,1167,1504185,1505297,1112
TrabajoB,1168,1505297,1506334,1037
TrabajoA,1169,1506334,1507371,1037
TrabajoB,1170,1507371,1508411,1040
TrabajoA,1171,1508411,1509458,1047
TrabajoB,1172,1509458,1511458,2000
TrabajoA,1173,1511458,1512961,1503
TrabajoB,1174,1512961,1514954,1993
TrabajoA,1175,1514954,1516950,1996
TrabajoB,1176,1516950,1518944,1994
TrabajoA,1177,1518944,1520943,1999
TrabajoB,1178,1520943,1522008,1065
TrabajoA,1179,1522008,1523073,1065
TrabajoB,1180,1523073,1524172,1099
TrabajoA,1181,1524172,1525205,1033
TrabajoB,1182,1525205,1526238,1033
TrabajoA,1183,1526238,1527321,1083
TrabajoB,1184,1527321,1528355,1034
TrabajoA,1185,1528355,1529388,1033
TrabajoB,1186,1529388,1530423,1035
TrabajoA,1187,1530423,1531458,1035
TrabajoB,1188,1531458,1532492,1034
TrabajoA,1189,1532492,1533630,1138
TrabajoB,1190,1533630,1534692,1062
TrabajoA,1191,1534692,1535728,1036
TrabajoB,1192,1535728,1536789,1061
TrabajoA,1193,1536789,1537878,1089
TrabajoB,1194,1537878,1538922,1044
TrabajoA,1195,1538922,1539953,1031
TrabajoB,1196,1539953,1540985,1032
TrabajoA,1197,1540985,1542017,1032
TrabajoB,1198,1542017,1543138,1121
TrabajoA,1199,1543138,1544170,1032
TrabajoB,1200,1544170,1545261,1091
TrabajoA,1201,1545261,1546363,1102
TrabajoB,1202,1546363,1547476,1113
TrabajoA,1203,1547476,1548538,1062
TrabajoB,1204,1548538,1549598,1060
TrabajoA,1205,1549598,1551113,1515
TrabajoB,1206,1551113,1552613,1500
TrabajoA,1207,1552613,1554620,2007
TrabajoB,1208,1554620,1556607,1987
TrabajoA,1209,1556607,1558608,2001
TrabajoB,1210,1558608,1560594,1986
TrabajoA,1211,1560594,1562149,1555
TrabajoB,1212,1562149,1563293,1144
TrabajoA,1213,1563293,1564387,1094
TrabajoB,1214,1564387,1565453,1066
TrabajoA,1215,1565453,1566493,1040
TrabajoB,1216,1566493,1567535,1042
TrabajoA,1217,1567535,1568589,1054
TrabajoB,1218,1568589,1569630,1041
TrabajoA,1219,1569630,1570671,1041
TrabajoB,1220,1570671,1571704,1033
TrabajoA,1221,1571704,1572730,1026
TrabajoB,1222,1572730,1573836,1106
TrabajoA,1223,1573836,1574878,1042
TrabajoB,1224,1574878,1576008,1130
TrabajoA,1225,1576008,1577189,1181
TrabajoB,1226,1577189,1578276,1087
TrabajoA,1227,1578276,1579311,1035
TrabajoB,1228,1579311,1580345,1034
TrabajoA,1229,1580345,1581380,1035
TrabajoB,1230,1581380,1582414,1034
TrabajoA,1231,1582414,1583453,1039
TrabajoB,1232,1583453,1584489,1036
TrabajoA,1233,1584489,1585523,1034
TrabajoB,1234,1585523,1586558,1035
TrabajoA,1235,1586558,1587628,1070
TrabajoB,1236,1587628,1588765,1137
TrabajoA,1237,1588765,1589852,1087
TrabajoB,1238,1589852,1590964,1112
TrabajoA,1239,1590964,1592959,1995
TrabajoB,1240,1592959,1594463,1504
TrabajoA,1241,1594463,1596458,1995
TrabajoB,1242,1596458,1598455,1997
TrabajoA,1243,1598455,1600448,1993
TrabajoB,1244,1600448,1602442,1994
TrabajoA,1245,1602442,1604445,2003
TrabajoB,1246,1604445,1606432,1987
TrabajoA,1247,1606432,1608426,1994
TrabajoB,1248,1608426,1610421,1995
TrabajoA,1249,1610421,1612415,1994
TrabajoB,1250,1612415,1613983,1568
TrabajoA,1251,1613983,1615045,1062
TrabajoB,1252,1615045,1616130,1085
TrabajoA,1253,1616130,1617165,1035
TrabajoB,1254,1617165,1618200,1035
TrabajoA,1255,1618200,1619305,1105
TrabajoB,1256,1619305,1620334,1029
TrabajoA,1257,1620334,1621362,1028
TrabajoB,1258,1621362,1622388,1026
TrabajoA,1259,1622388,1623416,1028
TrabajoB,1260,1623416,1624488,1072
TrabajoA,1261,1624488,1625607,1119
TrabajoB,1262,1625607,1626641,1034
TrabajoA,1263,1626641,1627753,1112
TrabajoB,1264,1627753,1628853,1100
TrabajoA,1265,1628853,1629888,1035
TrabajoB,1266,1629888,1630923,1035
TrabajoA,1267,1630923,1631958,1035
TrabajoB,1268,1631958,1632993,1035
TrabajoA,1269,1632993,1634028,1035
TrabajoB,1270,1634028,1635101,1073
TrabajoA,1271,1635101,1636140,1039
TrabajoB,1272,1636140,1637359,1219
TrabajoA,1273,1637359,1638504,1145
TrabajoB,1274,1638504,1639615,1111
TrabajoA,1275,1639615,1640689,1074
TrabajoB,1276,1640689,1641847,1158
TrabajoA,1277,1641847,1642918,1071
TrabajoB,1278,1642918,1644913,1995
TrabajoA,1279,1644913,1646417,1504
TrabajoB,1280,1646417,1648412,1995
TrabajoA,1281,1648412,1650419,2007
TrabajoB,1282,1650419,1652406,1987
TrabajoA,1283,1652406,1654406,2000
TrabajoB,1284,1654406,1656393,1987
TrabajoA,1285,1656393,1658389,1996
TrabajoB,1286,1658389,1660380,1991
TrabajoA,1287,1660380,1662375,1995
TrabajoB,1288,1662375,1664369,1994
TrabajoA,1289,1664369,1665983,1614
TrabajoB,1290,1665983,1667069,1086
TrabajoA,1291,1667069,1668143,1074
TrabajoB,1292,1668143,1669205,1062
TrabajoA,1293,1669205,1670248,1043
TrabajoB,1294,1670248,1671295,1047
TrabajoA,1295,1671295,1672325,1030
TrabajoB,1296,1672325,1673358,1033
TrabajoA,1297,1673358,1674405,1047
TrabajoB,1298,1674405,1675451,1046
TrabajoA,1299,1675451,1676517,1066
TrabajoB,1300,1676517,1677554,1037
TrabajoA,1301,1677554,1678590,1036
TrabajoB,1302,1678590,1679731,1141
TrabajoA,1303,1679731,1680818,1087
TrabajoB,1304,1680818,1681959,1141
TrabajoA,1305,1681959,1682998,1039
TrabajoB,1306,1682998,1684038,1040
TrabajoA,1307,1684038,1685081,1043
TrabajoB,1308,1685081,1686123,1042
TrabajoA,1309,1686123,1687172,1049
TrabajoB,1310,1687172,1688271,1099
TrabajoA,1311,1688271,1689312,1041
TrabajoB,1312,1689312,1690354,1042
TrabajoA,1313,1690354,1691445,1091
TrabajoB,1314,1691445,1692486,1041
TrabajoA,1315,1692486,1693606,1120
TrabajoB,1316,1693606,1694697,1091
TrabajoA,1317,1694697,1696691,1994
TrabajoB,1318,1696691,1698200,1509
TrabajoA,1319,1698200,1700203,2003
TrabajoB,1320,1700203,1701714,1511
TrabajoA,1321,1701714,1703711,1997
TrabajoB,1322,1703711,1705697,1986
TrabajoA,1323,1705697,1707692,1995
TrabajoB,1324,1707692,1709686,1994
TrabajoA,1325,1709686,1711680,1994
TrabajoB,1326,1711680,1713678,1998
TrabajoA,1327,1713678,1715670,1992
TrabajoB,1328,1715670,1717245,1575
TrabajoA,1329,1717245,1718313,1068
TrabajoB,1330,1718313,1719383,1070
TrabajoA,1331,1719383,1720422,1039
TrabajoB,1332,1720422,1721455,1033
TrabajoA,1333,1721455,1722490,1035
TrabajoB,1334,1722490,1723525,1035
TrabajoA,1335,1723525,1724560,1035
TrabajoB,1336,1724560,1725595,1035
TrabajoA,1337,1725595,1726629,1034
TrabajoB,1338,1726629,1727691,1062
TrabajoA,1339,1727691,1728834,1143
TrabajoB,1340,1728834,1729890,1056
TrabajoA,1341,1729890,1730973,1083
TrabajoB,1342,1730973,1732004,1031
TrabajoA,1343,1732004,1733038,1034
TrabajoB,1344,1733038,1734080,1042
TrabajoA,1345,1734080,1735112,1032
TrabajoB,1346,1735112,1736144,1032
TrabajoA,1347,1736144,1737177,1033
TrabajoB,1348,1737177,1738209,1032
TrabajoA,1349,1738209,1739271,1062
TrabajoB,1350,1739271,1740386,1115
TrabajoA,1351,1740386,1741445,1059
TrabajoB,1352,1741445,1742503,1058
TrabajoA,1353,1742503,1743575,1072
TrabajoB,1354,1743575,1744715,1140
TrabajoA,1355,1744715,1745758,1043
TrabajoB,1356,1745758,1747738,1980
TrabajoA,1357,1747738,1749241,1503
TrabajoB,1358,1749241,1751235,1994
TrabajoA,1359,1751235,1753231,1996
TrabajoB,1360,1753231,1755235,2004
TrabajoA,1361,1755235,1757220,1985
TrabajoB,1362,1757220,1759216,1996
TrabajoA,1363,1759216,1761211,1995
TrabajoB,1364,1761211,1763208,1997
TrabajoA,1365,1763208,1765198,1990
TrabajoB,1366,1765198,1767192,1994
TrabajoA,1367,1767192,1769202,2010
TrabajoB,1368,1769202,1770346,1144
TrabajoA,1369,1770346,1771437,1091
TrabajoB,1370,1771437,1772466,1029
TrabajoA,1371,1772466,1773501,1035
TrabajoB,1372,1773501,1774567,1066
TrabajoA,1373,1774567,1775600,1033
TrabajoB,1374,1775600,1776635,1035
TrabajoA,1375,1776635,1777669,1034
TrabajoB,1376,1777669,1778710,1041
TrabajoA,1377,1778710,1779805,1095
TrabajoB,1378,1779805,1780842,1037
TrabajoA,1379,1780842,1781906,1064
TrabajoB,1380,1781906,1782995,1089
TrabajoA,1381,1782995,1784110,1115
TrabajoB,1382,1784110,1785144,1034
TrabajoA,1383,1785144,1786179,1035
TrabajoB,1384,1786179,1787244,1065
TrabajoA,1385,1787244,1788271,1027
TrabajoB,1386,1788271,1789318,1047
TrabajoA,1387,1789318,1790441,1123
TrabajoB,1388,1790441,1791531,1090
TrabajoA,1389,1791531,1792567,1036
TrabajoB,1390,1792567,1793607,1040
TrabajoA,1391,1793607,1794643,1036
TrabajoB,1392,1794643,1795797,1154
TrabajoA,1393,1795797,1796860,1063
TrabajoB,1394,1796860,1797949,1089
TrabajoA,1395,1797949,1799946,1997
TrabajoB,1396,1799946,1801449,1503
TrabajoA,1397,1801449,1803448,1999
TrabajoB,1398,1803448,1805444,1996
TrabajoA,1399,1805444,1807434,1990
TrabajoB,1400,1807434,1809428,1994
TrabajoA,1401,1809428,1810974,1546
TrabajoB,1402,1810974,1812142,1168
TrabajoA,1403,1812142,1813176,1034
TrabajoB,1404,1813176,1814210,1034
TrabajoA,1405,1814210,1815243,1033
TrabajoB,1406,1815243,1816277,1034
TrabajoA,1407,1816277,1817311,1034
TrabajoB,1408,1817311,1818345,1034
TrabajoA,1409,1818345,1819379,1034
TrabajoB,1410,1819379,1820415,1036
TrabajoA,1411,1820415,1821505,1090
TrabajoB,1412,1821505,1822542,1037
TrabajoA,1413,1822542,1823743,1201
TrabajoB,1414,1823743,1824833,1090
TrabajoA,1415,1824833,1825923,1090
TrabajoB,1416,1825923,1826958,1035
TrabajoA,1417,1826958,1827992,1034
TrabajoB,1418,1827992,1829028,1036
TrabajoA,1419,1829028,1830062,1034
TrabajoB,1420,1830062,1831100,1038
TrabajoA,1421,1831100,1832144,1044
TrabajoB,1422,1832144,1833177,1033
TrabajoA,1423,1833177,1834212,1035
TrabajoB,1424,1834212,1835314,1102
TrabajoA,1425,1835314,1836423,1109
TrabajoB,1426,1836423,1837578,1155
TrabajoA,1427,1837578,1838653,1075
TrabajoB,1428,1838653,1840198,1545
TrabajoA,1429,1840198,1841699,1501
TrabajoB,1430,1841699,1843697,1998
TrabajoA,1431,1843697,1845691,1994
TrabajoB,1432,1845691,1847685,1994
TrabajoA,1433,1847685,1849680,1995
TrabajoB,1434,1849680,1851678,1998
TrabajoA,1435,1851678,1853689,2011
TrabajoB,1436,1853689,1855671,1982
TrabajoA,1437,1855671,1857660,1989
TrabajoB,1438,1857660,1859654,1994
TrabajoA,1439,1859654,1861649,1995
TrabajoB,1440,1861649,1862768,1119
TrabajoA,1441,1862768,1863906,1138
TrabajoB,1442,1863906,1865018,1112
TrabajoA,1443,1865018,1866052,1034
TrabajoB,1444,1866052,1867087,1035
TrabajoA,1445,1867087,1868208,1121
TrabajoB,1446,1868208,1869257,1049
TrabajoA,1447,1869257,1870297,1040
TrabajoB,1448,1870297,1871325,1028
TrabajoA,1449,1871325,1872356,1031
TrabajoB,1450,1872356,1873388,1032
TrabajoA,1451,1873388,1874420,1032
TrabajoB,1452,1874420,1875536,1116
TrabajoA,1453,1875536,1876568,1032
TrabajoB,1454,1876568,1877653,1085
TrabajoA,1455,1877653,1878715,1062
TrabajoB,1456,1878715,1879748,1033
TrabajoA,1457,1879748,1880778,1030
TrabajoB,1458,1880778,1881811,1033
TrabajoA,1459,1881811,1882878,1067
TrabajoB,1460,1882878,1883924,1046
TrabajoA,1461,1883924,1884964,1040
TrabajoB,1462,1884964,1886004,1040
TrabajoA,1463,1886004,1887047,1043
TrabajoB,1464,1887047,1888087,1040
TrabajoA,1465,1888087,1889232,1145
TrabajoB,1466,1889232,1890324,1092
TrabajoA,1467,1890324,1891840,1516
TrabajoB,1468,1891840,1893343,1503
TrabajoA,1469,1893343,1895339,1996
TrabajoB,1470,1895339,1897333,1994
TrabajoA,1471,1897333,1899330,1997
TrabajoB,1472,1899330,1901323,1993
TrabajoA,1473,1901323,1902830,1507
TrabajoB,1474,1902830,1904824,1994
TrabajoA,1475,1904824,1906818,1994
TrabajoB,1476,1906818,1908812,1994
TrabajoA,1477,1908812,1910806,1994
TrabajoB,1478,1910806,1912801,1995
TrabajoA,1479,1912801,1914799,1998
TrabajoB,1480,1914799,1916791,1992
TrabajoA,1481,1916791,1918786,1995
TrabajoB,1482,1918786,1920781,1995
TrabajoA,1483,1920781,1922775,1994
TrabajoB,1484,1922775,1924770,1995
TrabajoA,1485,1924770,1926340,1570
TrabajoB,1486,1926340,1927402,1062
TrabajoA,1487,1927402,1928436,1034
TrabajoB,1488,1928436,1929553,1117
TrabajoA,1489,1929553,1930587,1034
TrabajoB,1490,1930587,1931622,1035
TrabajoA,1491,1931622,1932657,1035
TrabajoB,1492,1932657,1933692,1035
TrabajoA,1493,1933692,1934727,1035
TrabajoB,1494,1934727,1935762,1035
TrabajoA,1495,1935762,1936833,1071
TrabajoB,1496,1936833,1937945,1112
TrabajoA,1497,1937945,1939028,1083
TrabajoB,1498,1939028,1940064,1036
TrabajoA,1499,1940064,1941127,1063
TrabajoB,1500,1941127,1942160,1033
TrabajoA,1501,1942160,1943197,1037
TrabajoB,1502,1943197,1944232,1035
TrabajoA,1503,1944232,1945385,1153
TrabajoB,1504,1945385,1946425,1040
TrabajoA,1505,1946425,1947466,1041
TrabajoB,1506,1947466,1948507,1041
TrabajoA,1507,1948507,1950061,1554
TrabajoB,1508,1950061,1951565,1504
TrabajoA,1509,1951565,1953069,1504
TrabajoB,1510,1953069,1955516,2447
TrabajoA,1511,1955516,1957511,1995
TrabajoB,1512,1957511,1959503,1992
TrabajoA,1513,1959503,1961499,1996
TrabajoB,1514,1961499,1962597,1098
TrabajoA,1515,1962597,1963711,1114
TrabajoB,1516,1963711,1964824,1113
TrabajoA,1517,1964824,1965852,1028
TrabajoB,1518,1965852,1966884,1032
TrabajoA,1519,1966884,1967945,1061
TrabajoB,1520,1967945,1969005,1060
TrabajoA,1521,1969005,1970037,1032
TrabajoB,1522,1970037,1971078,1041
TrabajoA,1523,1971078,1972114,1036
TrabajoB,1524,1972114,1973155,1041
TrabajoA,1525,1973155,1974202,1047
TrabajoB,1526,1974202,1975369,1167
TrabajoA,1527,1975369,1976397,1028
TrabajoB,1528,1976397,1977438,1041
TrabajoA,1529,1977438,1978481,1043
TrabajoB,1530,1978481,1979571,1090
TrabajoA,1531,1979571,1980605,1034
TrabajoB,1532,1980605,1981665,1060
TrabajoA,1533,1981665,1982698,1033
TrabajoB,1534,1982698,1983732,1034
TrabajoA,1535,1983732,1984766,1034
TrabajoB,1536,1984766,1985800,1034
TrabajoA,1537,1985800,1986898,1098
TrabajoB,1538,1986898,1988018,1120
TrabajoA,1539,1988018,1989055,1037
TrabajoB,1540,1989055,1990092,1037
TrabajoA,1541,1990092,1991668,1576
TrabajoB,1542,1991668,1993168,1500
TrabajoA,1543,1993168,1995166,1998
TrabajoB,1544,1995166,1997160,1994
TrabajoA,1545,1997160,1999154,1994
TrabajoB,1546,1999154,2001149,1995
TrabajoA,1547,2001149,2003148,1999
TrabajoB,1548,2003148,2005140,1992
TrabajoA,1549,2005140,2007137,1997
TrabajoB,1550,2007137,2009129,1992
TrabajoA,1551,2009129,2011123,1994
TrabajoB,1552,2011123,2013118,1995
TrabajoA,1553,2013118,2014685,1567
TrabajoB,1554,2014685,2015749,1064
TrabajoA,1555,2015749,2016776,1027
TrabajoB,1556,2016776,2017808,1032
TrabajoA,1557,2017808,2018854,1046
TrabajoB,1558,2018854,2019886,1032
TrabajoA,1559,2019886,2020919,1033
TrabajoB,1560,2020919,2021987,1068
TrabajoA,1561,2021987,2023017,1030
TrabajoB,1562,2023017,2024048,1031
TrabajoA,1563,2024048,2025078,1030
TrabajoB,1564,2025078,2026124,1046
TrabajoA,1565,2026124,2027259,1135
TrabajoB,1566,2027259,2028425,1166
TrabajoA,1567,2028425,2029462,1037
TrabajoB,1568,2029462,2030498,1036
TrabajoA,1569,2030498,2031536,1038
TrabajoB,1570,2031536,2032572,1036
TrabajoA,1571,2032572,2033612,1040
TrabajoB,1572,2033612,2034649,1037
TrabajoA,1573,2034649,2035686,1037
TrabajoB,1574,2035686,2036724,1038
TrabajoA,1575,2036724,2037865,1141
TrabajoB,1576,2037865,2038876,1011
TrabajoA,1577,2038876,2040028,1152
TrabajoB,1578,2040028,2041161,1133
TrabajoA,1579,2041161,2042193,1032
TrabajoB,1580,2042193,2043708,1515
TrabajoA,1581,2043708,2045211,1503
TrabajoB,1582,2045211,2047281,2070
TrabajoA,1583,2047281,2049202,1921
TrabajoB,1584,2049202,2051195,1993
TrabajoA,1585,2051195,2053207,2012
TrabajoB,1586,2053207,2055190,1983
TrabajoA,1587,2055190,2056336,1146
TrabajoB,1588,2056336,2057419,1083
TrabajoA,1589,2057419,2058491,1072
TrabajoB,1590,2058491,2059519,1028
TrabajoA,1591,2059519,2060556,1037
TrabajoB,1592,2060556,2061593,1037
TrabajoA,1593,2061593,2062630,1037
TrabajoB,1594,2062630,2063683,1053
TrabajoA,1595,2063683,2064719,1036
TrabajoB,1596,2064719,2065756,1037
TrabajoA,1597,2065756,2066821,1065
TrabajoB,1598,2066821,2067951,1130
TrabajoA,1599,2067951,2069088,1137
TrabajoB,1600,2069088,2070130,1042
TrabajoA,1601,2070130,2071235,1105
TrabajoB,1602,2071235,2072263,1028
TrabajoA,1603,2072263,2073298,1035
TrabajoB,1604,2073298,2074332,1034
TrabajoA,1605,2074332,2075367,1035
TrabajoB,1606,2075367,2076402,1035
TrabajoA,1607,2076402,2077437,1035
TrabajoB,1608,2077437,2078476,1039
TrabajoA,1609,2078476,2079543,1067
TrabajoB,1610,2079543,2080604,1061
TrabajoA,1611,2080604,2081743,1139
TrabajoB,1612,2081743,2082892,1149
TrabajoA,1613,2082892,2083992,1100
TrabajoB,1614,2083992,2085986,1994
TrabajoA,1615,2085986,2087496,1510
TrabajoB,1616,2087496,2089486,1990
TrabajoA,1617,2089486,2091479,1993
TrabajoB,1618,2091479,2093479,2000
TrabajoA,1619,2093479,2095470,1991
TrabajoB,1620,2095470,2097465,1995
TrabajoA,1621,2097465,2099096,1631
TrabajoB,1622,2099096,2101088,1992
TrabajoA,1623,2101088,2103082,1994
TrabajoB,1624,2103082,2105080,1998
TrabajoA,1625,2105080,2106627,1547
TrabajoB,1626,2106627,2107693,1066
TrabajoA,1627,2107693,2108824,1131
TrabajoB,1628,2108824,2109888,1064
TrabajoA,1629,2109888,2110927,1039
TrabajoB,1630,2110927,2111968,1041
TrabajoA,1631,2111968,2113007,1039
TrabajoB,1632,2113007,2114044,1037
TrabajoA,1633,2114044,2115133,1089
TrabajoB,1634,2115133,2116163,1030
TrabajoA,1635,2116163,2117197,1034
TrabajoB,1636,2117197,2118262,1065
TrabajoA,1637,2118262,2119354,1092
TrabajoB,1638,2119354,2120447,1093
TrabajoA,1639,2120447,2121535,1088
TrabajoB,1640,2121535,2122592,1057
TrabajoA,1641,2122592,2123675,1083
TrabajoB,1642,2123675,2124711,1036
TrabajoA,1643,2124711,2125750,1039
TrabajoB,1644,2125750,2126781,1031
TrabajoA,1645,2126781,2127815,1034
TrabajoB,1646,2127815,2128894,1079
TrabajoA,1647,2128894,2129990,1096
TrabajoB,1648,2129990,2131063,1073
TrabajoA,1649,2131063,2132138,1075
TrabajoB,1650,2132138,2133228,1090
TrabajoA,1651,2133228,2134319,1091
TrabajoB,1652,2134319,2135382,1063
TrabajoA,1653,2135382,2137381,1999
TrabajoB,1654,2137381,2138887,1506
TrabajoA,1655,2138887,2140878,1991
TrabajoB,1656,2140878,2142874,1996
TrabajoA,1657,2142874,2144868,1994
TrabajoB,1658,2144868,2146405,1537
TrabajoA,1659,2146405,2148396,1991
TrabajoB,1660,2148396,2150397,2001
TrabajoA,1661,2150397,2152393,1996
TrabajoB,1662,2152393,2154399,2006
TrabajoA,1663,2154399,2156383,1984
TrabajoB,1664,2156383,2158375,1992
TrabajoA,1665,2158375,2160068,1693
TrabajoB,1666,2160068,2161996,1928
TrabajoA,1667,2161996,2163099,1103
TrabajoB,1668,2163099,2164139,1040
TrabajoA,1669,2164139,2165172,1033
TrabajoB,1670,2165172,2166215,1043
TrabajoA,1671,2166215,2167251,1036
TrabajoB,1672,2167251,2168355,1104
TrabajoA,1673,2168355,2169391,1036
TrabajoB,1674,2169391,2170436,1045
TrabajoA,1675,2170436,2171481,1045
TrabajoB,1676,2171481,2172574,1093
TrabajoA,1677,2172574,2173692,1118
TrabajoB,1678,2173692,2174732,1040
TrabajoA,1679,2174732,2175842,1110
TrabajoB,1680,2175842,2176965,1123
TrabajoA,1681,2176965,2177998,1033
TrabajoB,1682,2177998,2179034,1036
TrabajoA,1683,2179034,2180068,1034
TrabajoB,1684,2180068,2181103,1035
TrabajoA,1685,2181103,2182135,1032
TrabajoB,1686,2182135,2183177,1042
TrabajoA,1687,2183177,2184218,1041
TrabajoB,1688,2184218,2185251,1033
TrabajoA,1689,2185251,2186283,1032
TrabajoB,1690,2186283,2187600,1317
TrabajoA,1691,2187600,2188697,1097
TrabajoB,1692,2188697,2189819,1122
TrabajoA,1693,2189819,2191371,1552
TrabajoB,1694,2191371,2192874,1503
TrabajoA,1695,2192874,2194876,2002
TrabajoB,1696,2194876,2196867,1991
TrabajoA,1697,2196867,2198873,2006
TrabajoB,1698,2198873,2200853,1980
TrabajoA,1699,2200853,2202849,1996
TrabajoB,1700,2202849,2204847,1998
TrabajoA,1701,2204847,2206840,1993
TrabajoB,1702,2206840,2208831,1991
TrabajoA,1703,2208831,2210826,1995
TrabajoB,1704,2210826,2212825,1999
TrabajoA,1705,2212825,2214406,1581
TrabajoB,1706,2214406,2215556,1150
TrabajoA,1707,2215556,2216620,1064
TrabajoB,1708,2216620,2217654,1034
TrabajoA,1709,2217654,2218687,1033
TrabajoB,1710,2218687,2219725,1038
TrabajoA,1711,2219725,2220765,1040
TrabajoB,1712,2220765,2221988,1223
TrabajoA,1713,2221988,2223077,1089
TrabajoB,1714,2223077,2224179,1102
TrabajoA,1715,2224179,2225210,1031
TrabajoB,1716,2225210,2226304,1094
TrabajoA,1717,2226304,2227342,1038
TrabajoB,1718,2227342,2228498,1156
TrabajoA,1719,2228498,2229696,1198
TrabajoB,1720,2229696,2230735,1039
TrabajoA,1721,2230735,2231777,1042
TrabajoB,1722,2231777,2232827,1050
TrabajoA,1723,2232827,2233862,1035
TrabajoB,1724,2233862,2234901,1039
TrabajoA,1725,2234901,2235940,1039
TrabajoB,1726,2235940,2237114,1174
TrabajoA,1727,2237114,2238258,1144
TrabajoB,1728,2238258,2239359,1101
TrabajoA,1729,2239359,2240431,1072
TrabajoB,1730,2240431,2241553,1122
TrabajoA,1731,2241553,2242669,1116
TrabajoB,1732,2242669,2244182,1513
TrabajoA,1733,2244182,2245682,1500
TrabajoB,1734,2245682,2247680,1998
TrabajoA,1735,2247680,2249678,1998
TrabajoB,1736,2249678,2251670,1992
TrabajoA,1737,2251670,2253673,2003
TrabajoB,1738,2253673,2255227,1554
TrabajoA,1739,2255227,2256333,1106
TrabajoB,1740,2256333,2257458,1125
TrabajoA,1741,2257458,2258547,1089
TrabajoB,1742,2258547,2259583,1036
TrabajoA,1743,2259583,2260617,1034
TrabajoB,1744,2260617,2261652,1035
TrabajoA,1745,2261652,2262686,1034
TrabajoB,1746,2262686,2263722,1036
TrabajoA,1747,2263722,2264756,1034
TrabajoB,1748,2264756,2265790,1034
TrabajoA,1749,2265790,2266826,1036
TrabajoB,1750,2266826,2267990,1164
TrabajoA,1751,2267990,2269090,1100
TrabajoB,1752,2269090,2270142,1052
TrabajoA,1753,2270142,2271203,1061
TrabajoB,1754,2271203,2272238,1035
TrabajoA,1755,2272238,2273279,1041
TrabajoB,1756,2273279,2274327,1048
TrabajoA,1757,2274327,2275364,1037
TrabajoB,1758,2275364,2276400,1036
TrabajoA,1759,2276400,2277437,1037
TrabajoB,1760,2277437,2278473,1036
TrabajoA,1761,2278473,2279540,1067
TrabajoB,1762,2279540,2280678,1138
TrabajoA,1763,2280678,2281741,1063
TrabajoB,1764,2281741,2282856,1115
TrabajoA,1765,2282856,2283890,1034
TrabajoB,1766,2283890,2285887,1997
TrabajoA,1767,2285887,2287397,1510
TrabajoB,1768,2287397,2289387,1990
TrabajoA,1769,2289387,2291381,1994
TrabajoB,1770,2291381,2293375,1994
TrabajoA,1771,2293375,2295370,1995
TrabajoB,1772,2295370,2297365,1995
TrabajoA,1773,2297365,2299363,1998
TrabajoB,1774,2299363,2301355,1992
TrabajoA,1775,2301355,2302860,1505
TrabajoB,1776,2302860,2304857,1997
TrabajoA,1777,2304857,2306431,1574
TrabajoB,1778,2306431,2307514,1083
TrabajoA,1779,2307514,2308598,1084
TrabajoB,1780,2308598,2309631,1033
TrabajoA,1781,2309631,2310662,1031
TrabajoB,1782,2310662,2311695,1033
TrabajoA,1783,2311695,2312727,1032
TrabajoB,1784,2312727,2313759,1032
TrabajoA,1785,2313759,2314827,1068
TrabajoB,1786,2314827,2315860,1033
TrabajoA,1787,2315860,2316895,1035
TrabajoB,1788,2316895,2317930,1035
TrabajoA,1789,2317930,2319010,1080
TrabajoB,1790,2319010,2320199,1189
TrabajoA,1791,2320199,2321258,1059
TrabajoB,1792,2321258,2322290,1032
TrabajoA,1793,2322290,2323321,1031
TrabajoB,1794,2323321,2324353,1032
TrabajoA,1795,2324353,2325385,1032
TrabajoB,1796,2325385,2326417,1032
TrabajoA,1797,2326417,2327447,1030
TrabajoB,1798,2327447,2328480,1033
TrabajoA,1799,2328480,2329544,1064
TrabajoB,1800,2329544,2330579,1035
TrabajoA,1801,2330579,2331795,1216
TrabajoB,1802,2331795,2332881,1086
TrabajoA,1803,2332881,2333924,1043
TrabajoB,1804,2333924,2334956,1032
TrabajoA,1805,2334956,2336955,1999
TrabajoB,1806,2336955,2338457,1502
TrabajoA,1807,2338457,2340452,1995
TrabajoB,1808,2340452,2342446,1994
TrabajoA,1809,2342446,2344441,1995
TrabajoB,1810,2344441,2346438,1997
TrabajoA,1811,2346438,2347596,1158
TrabajoB,1812,2347596,2348723,1127
TrabajoA,1813,2348723,2349755,1032
TrabajoB,1814,2349755,2350786,1031
TrabajoA,1815,2350786,2351818,1032
TrabajoB,1816,2351818,2352850,1032
TrabajoA,1817,2352850,2353910,1060
TrabajoB,1818,2353910,2354955,1045
TrabajoA,1819,2354955,2355987,1032
TrabajoB,1820,2355987,2357014,1027
TrabajoA,1821,2357014,2358045,1031
TrabajoB,1822,2358045,2359122,1077
TrabajoA,1823,2359122,2360316,1194
TrabajoB,1824,2360316,2361472,1156
TrabajoA,1825,2361472,2362534,1062
TrabajoB,1826,2362534,2363580,1046
TrabajoA,1827,2363580,2364612,1032
TrabajoB,1828,2364612,2365644,1032
TrabajoA,1829,2365644,2366676,1032
TrabajoB,1830,2366676,2367708,1032
TrabajoA,1831,2367708,2368740,1032
TrabajoB,1832,2368740,2369771,1031
TrabajoA,1833,2369771,2370869,1098
TrabajoB,1834,2370869,2371899,1030
TrabajoA,1835,2371899,2373012,1113
TrabajoB,1836,2373012,2374101,1089
TrabajoA,1837,2374101,2375133,1032
TrabajoB,1838,2375133,2376852,1719
TrabajoA,1839,2376852,2378350,1498
TrabajoB,1840,2378350,2380344,1994
TrabajoA,1841,2380344,2382340,1996
TrabajoB,1842,2382340,2384334,1994
TrabajoA,1843,2384334,2386327,1993
TrabajoB,1844,2386327,2388329,2002
TrabajoA,1845,2388329,2390321,1992
TrabajoB,1846,2390321,2392314,1993
TrabajoA,1847,2392314,2394310,1996
TrabajoB,1848,2394310,2396301,1991
TrabajoA,1849,2396301,2398296,1995
TrabajoB,1850,2398296,2399812,1516
TrabajoA,1851,2399812,2400904,1092
TrabajoB,1852,2400904,2401965,1061
TrabajoA,1853,2401965,2403027,1062
TrabajoB,1854,2403027,2404092,1065
TrabajoA,1855,2404092,2405124,1032
TrabajoB,1856,2405124,2406186,1062
TrabajoA,1857,2406186,2407222,1036
TrabajoB,1858,2407222,2408262,1040
TrabajoA,1859,2408262,2409300,1038
TrabajoB,1860,2409300,2410336,1036
TrabajoA,1861,2410336,2411455,1119
TrabajoB,1862,2411455,2412541,1086
TrabajoA,1863,2412541,2413603,1062
TrabajoB,1864,2413603,2414668,1065
TrabajoA,1865,2414668,2415746,1078
TrabajoB,1866,2415746,2416784,1038
TrabajoA,1867,2416784,2417820,1036
TrabajoB,1868,2417820,2418856,1036
TrabajoA,1869,2418856,2419893,1037
TrabajoB,1870,2419893,2420935,1042
TrabajoA,1871,2420935,2422008,1073
TrabajoB,1872,2422008,2423045,1037
TrabajoA,1873,2423045,2424089,1044
TrabajoB,1874,2424089,2425258,1169
TrabajoA,1875,2425258,2426322,1064
TrabajoB,1876,2426322,2427386,1064
TrabajoA,1877,2427386,2428930,1544
TrabajoB,1878,2428930,2430430,1500
TrabajoA,1879,2430430,2432426,1996
TrabajoB,1880,2432426,2434421,1995
TrabajoA,1881,2434421,2436416,1995
TrabajoB,1882,2436416,2438416,2000
TrabajoA,1883,2438416,2439958,1542
TrabajoB,1884,2439958,2441100,1142
TrabajoA,1885,2441100,2442197,1097
TrabajoB,1886,2442197,2443273,1076
TrabajoA,1887,2443273,2444771,1498
TrabajoB,1888,2444771,2445795,1024
TrabajoA,1889,2445795,2446828,1033
TrabajoB,1890,2446828,2447860,1032
TrabajoA,1891,2447860,2448892,1032
TrabajoB,1892,2448892,2449925,1033
TrabajoA,1893,2449925,2450957,1032
TrabajoB,1894,2450957,2452052,1095
TrabajoA,1895,2452052,2453208,1156
TrabajoB,1896,2453208,2454311,1103
TrabajoA,1897,2454311,2455376,1065
TrabajoB,1898,2455376,2456408,1032
TrabajoA,1899,2456408,2457446,1038
TrabajoB,1900,2457446,2458480,1034
TrabajoA,1901,2458480,2459515,1035
TrabajoB,1902,2459515,2460551,1036
TrabajoA,1903,2460551,2461586,1035
TrabajoB,1904,2461586,2462620,1034
TrabajoA,1905,2462620,2463655,1035
TrabajoB,1906,2463655,2464813,1158
TrabajoA,1907,2464813,2465923,1110
TrabajoB,1908,2465923,2466959,1036
TrabajoA,1909,2466959,2468137,1178
TrabajoB,1910,2468137,2469640,1503
TrabajoA,1911,2469640,2471639,1999
TrabajoB,1912,2471639,2473629,1990
TrabajoA,1913,2473629,2475624,1995
TrabajoB,1914,2475624,2477618,1994
TrabajoA,1915,2477618,2479613,1995
TrabajoB,1916,2479613,2481611,1998
TrabajoA,1917,2481611,2483609,1998
TrabajoB,1918,2483609,2485597,1988
TrabajoA,1919,2485597,2487596,1999
TrabajoB,1920,2487596,2489587,1991
TrabajoA,1921,2489587,2491581,1994
TrabajoB,1922,2491581,2493133,1552
TrabajoA,1923,2493133,2494173,1040
TrabajoB,1924,2494173,2495270,1097
TrabajoA,1925,2495270,2496336,1066
TrabajoB,1926,2496336,2497377,1041
TrabajoA,1927,2497377,2498440,1063
TrabajoB,1928,2498440,2499491,1051
TrabajoA,1929,2499491,2500532,1041
TrabajoB,1930,2500532,2501573,1041
TrabajoA,1931,2501573,2502616,1043
TrabajoB,1932,2502616,2503673,1057
TrabajoA,1933,2503673,2504789,1116
TrabajoB,1934,2504789,2505820,1031
TrabajoA,1935,2505820,2506881,1061
TrabajoB,1936,2506881,2507935,1054
TrabajoA,1937,2507935,2508969,1034
TrabajoB,1938,2508969,2510000,1031
TrabajoA,1939,2510000,2511032,1032
TrabajoB,1940,2511032,2512064,1032
TrabajoA,1941,2512064,2513097,1033
TrabajoB,1942,2513097,2514169,1072
TrabajoA,1943,2514169,2515232,1063
TrabajoB,1944,2515232,2516343,1111
TrabajoA,1945,2516343,2517377,1034
TrabajoB,1946,2517377,2518467,1090
TrabajoA,1947,2518467,2519504,1037
TrabajoB,1948,2519504,2520572,1068
TrabajoA,1949,2520572,2522115,1543
TrabajoB,1950,2522115,2523616,1501
TrabajoA,1951,2523616,2525613,1997
TrabajoB,1952,2525613,2527608,1995
TrabajoA,1953,2527608,2529609,2001
TrabajoB,1954,2529609,2531598,1989
TrabajoA,1955,2531598,2533593,1995
TrabajoB,1956,2533593,2535587,1994
TrabajoA,1957,2535587,2536712,1125
TrabajoB,1958,2536712,2538227,1515
TrabajoA,1959,2538227,2539260,1033
TrabajoB,1960,2539260,2540292,1032
TrabajoA,1961,2540292,2541327,1035
TrabajoB,1962,2541327,2542360,1033
TrabajoA,1963,2542360,2543397,1037
TrabajoB,1964,2543397,2544534,1137
TrabajoA,1965,2544534,2545603,1069
TrabajoB,1966,2545603,2546733,1130
TrabajoA,1967,2546733,2547823,1090
TrabajoB,1968,2547823,2548881,1058
TrabajoA,1969,2548881,2549915,1034
TrabajoB,1970,2549915,2550949,1034
TrabajoA,1971,2550949,2551983,1034
TrabajoB,1972,2551983,2553016,1033
TrabajoA,1973,2553016,2554062,1046
TrabajoB,1974,2554062,2555097,1035
TrabajoA,1975,2555097,2556133,1036
TrabajoB,1976,2556133,2557170,1037
TrabajoA,1977,2557170,2558246,1076
TrabajoB,1978,2558246,2559350,1104
TrabajoA,1979,2559350,2560515,1165
TrabajoB,1980,2560515,2561578,1063
TrabajoA,1981,2561578,2562614,1036
TrabajoB,1982,2562614,2564133,1519
TrabajoA,1983,2564133,2565635,1502
TrabajoB,1984,2565635,2567632,1997
TrabajoA,1985,2567632,2569627,1995
TrabajoB,1986,2569627,2571648,2021
TrabajoA,1987,2571648,2573620,1972
TrabajoB,1988,2573620,2575616,1996
TrabajoA,1989,2575616,2576780,1164
TrabajoB,1990,2576780,2577915,1135
TrabajoA,1991,2577915,2578980,1065
TrabajoB,1992,2578980,2580016,1036
TrabajoA,1993,2580016,2581054,1038
TrabajoB,1994,2581054,2582091,1037
TrabajoA,1995,2582091,2583128,1037
TrabajoB,1996,2583128,2584165,1037
TrabajoA,1997,2584165,2585202,1037
TrabajoB,1998,2585202,2586239,1037
TrabajoA,1999,2586239,2587322,1083
TrabajoB,2000,2587322,2588359,1037
TrabajoA,2001,2588359,2589439,1080
TrabajoB,2002,2589439,2590692,1253
TrabajoA,2003,2590692,2591726,1034
TrabajoB,2004,2591726,2592760,1034
TrabajoA,2005,2592760,2593793,1033
TrabajoB,2006,2593793,2594827,1034
TrabajoA,2007,2594827,2595862,1035
TrabajoB,2008,2595862,2596897,1035
TrabajoA,2009,2596897,2597930,1033
TrabajoB,2010,2597930,2598964,1034
TrabajoA,2011,2598964,2599996,1032
TrabajoB,2012,2599996,2601031,1035
TrabajoA,2013,2601031,2602176,1145
TrabajoB,2014,2602176,2603241,1065
TrabajoA,2015,2603241,2604287,1046
TrabajoB,2016,2604287,2606285,1998
TrabajoA,2017,2606285,2608278,1993
TrabajoB,2018,2608278,2610273,1995
TrabajoA,2019,2610273,2612265,1992
TrabajoB,2020,2612265,2614260,1995
TrabajoA,2021,2614260,2616255,1995
TrabajoB,2022,2616255,2618255,2000
TrabajoA,2023,2618255,2620245,1990
TrabajoB,2024,2620245,2622242,1997
TrabajoA,2025,2622242,2624235,1993
TrabajoB,2026,2624235,2626229,1994
TrabajoA,2027,2626229,2628224,1995
TrabajoB,2028,2628224,2630232,2008
TrabajoA,2029,2630232,2632213,1981
TrabajoB,2030,2632213,2634208,1995
TrabajoA,2031,2634208,2636203,1995
TrabajoB,2032,2636203,2638004,1801
TrabajoA,2033,2638004,2639072,1068
TrabajoB,2034,2639072,2640164,1092
TrabajoA,2035,2640164,2641229,1065
TrabajoB,2036,2641229,2642265,1036
TrabajoA,2037,2642265,2643360,1095
TrabajoB,2038,2643360,2644421,1061
TrabajoA,2039,2644421,2645456,1035
TrabajoB,2040,2645456,2646489,1033
TrabajoA,2041,2646489,2647523,1034
TrabajoB,2042,2647523,2648573,1050
TrabajoA,2043,2648573,2649607,1034
TrabajoB,2044,2649607,2650641,1034
TrabajoA,2045,2650641,2651675,1034
TrabajoB,2046,2651675,2652894,1219
TrabajoA,2047,2652894,2653959,1065
TrabajoB,2048,2653959,2655066,1107
TrabajoA,2049,2655066,2656155,1089
TrabajoB,2050,2656155,2657236,1081
TrabajoA,2051,2657236,2658273,1037
TrabajoB,2052,2658273,2659318,1045
TrabajoA,2053,2659318,2660359,1041
TrabajoB,2054,2660359,2661395,1036
TrabajoA,2055,2661395,2663396,2001
TrabajoB,2056,2663396,2664896,1500
TrabajoA,2057,2664896,2666890,1994
TrabajoB,2058,2666890,2668893,2003
TrabajoA,2059,2668893,2670886,1993
TrabajoB,2060,2670886,2672875,1989
TrabajoA,2061,2672875,2674054,1179
TrabajoB,2062,2674054,2675185,1131
TrabajoA,2063,2675185,2676217,1032
TrabajoB,2064,2676217,2677250,1033
TrabajoA,2065,2677250,2678286,1036
TrabajoB,2066,2678286,2679332,1046
TrabajoA,2067,2679332,2680365,1033
TrabajoB,2068,2680365,2681398,1033
TrabajoA,2069,2681398,2682432,1034
TrabajoB,2070,2682432,2683467,1035
TrabajoA,2071,2683467,2684542,1075
TrabajoB,2072,2684542,2685641,1099
TrabajoA,2073,2685641,2686783,1142
TrabajoB,2074,2686783,2687880,1097
TrabajoA,2075,2687880,2688920,1040
TrabajoB,2076,2688920,2689962,1042
TrabajoA,2077,2689962,2691003,1041
TrabajoB,2078,2691003,2692044,1041
TrabajoA,2079,2692044,2693088,1044
TrabajoB,2080,2693088,2694140,1052
TrabajoA,2081,2694140,2695181,1041
TrabajoB,2082,2695181,2696222,1041
TrabajoA,2083,2696222,2697263,1041
TrabajoB,2084,2697263,2698431,1168
TrabajoA,2085,2698431,2699673,1242
TrabajoB,2086,2699673,2700769,1096
TrabajoA,2087,2700769,2701861,1092
TrabajoB,2088,2701861,2703381,1520
TrabajoA,2089,2703381,2704880,1499
TrabajoB,2090,2704880,2706877,1997
TrabajoA,2091,2706877,2708875,1998
TrabajoB,2092,2708875,2710866,1991
TrabajoA,2093,2710866,2712861,1995
TrabajoB,2094,2712861,2714856,1995
TrabajoA,2095,2714856,2716852,1996
TrabajoB,2096,2716852,2718845,1993
TrabajoA,2097,2718845,2720841,1996
TrabajoB,2098,2720841,2722834,1993
TrabajoA,2099,2722834,2724829,1995
TrabajoB,2100,2724829,2726345,1516
TrabajoA,2101,2726345,2727438,1093
TrabajoB,2102,2727438,2728556,1118
TrabajoA,2103,2728556,2729615,1059
TrabajoB,2104,2729615,2730669,1054
TrabajoA,2105,2730669,2731759,1090
TrabajoB,2106,2731759,2732793,1034
TrabajoA,2107,2732793,2733828,1035
TrabajoB,2108,2733828,2734863,1035
TrabajoA,2109,2734863,2735898,1035
TrabajoB,2110,2735898,2736935,1037
TrabajoA,2111,2736935,2737969,1034
TrabajoB,2112,2737969,2739043,1074
TrabajoA,2113,2739043,2740078,1035
TrabajoB,2114,2740078,2741167,1089
TrabajoA,2115,2741167,2742255,1088
TrabajoB,2116,2742255,2743290,1035
TrabajoA,2117,2743290,2744325,1035
TrabajoB,2118,2744325,2745415,1090
TrabajoA,2119,2745415,2746543,1128
TrabajoB,2120,2746543,2747579,1036
TrabajoA,2121,2747579,2748608,1029
TrabajoB,2122,2748608,2749671,1063
TrabajoA,2123,2749671,2750753,1082
TrabajoB,2124,2750753,2751769,1016
TrabajoA,2125,2751769,2752805,1036
TrabajoB,2126,2752805,2753853,1048
TrabajoA,2127,2753853,2754889,1036
TrabajoB,2128,2754889,2756885,1996
TrabajoA,2129,2756885,2758879,1994
TrabajoB,2130,2758879,2760873,1994
TrabajoA,2131,2760873,2762870,1997
TrabajoB,2132,2762870,2764863,1993
TrabajoA,2133,2764863,2766857,1994
TrabajoB,2134,2766857,2768854,1997
TrabajoA,2135,2768854,2770851,1997
TrabajoB,2136,2770851,2772840,1989
TrabajoA,2137,2772840,2774835,1995
TrabajoB,2138,2774835,2776830,1995
TrabajoA,2139,2776830,2778826,1996
TrabajoB,2140,2778826,2779947,1121
TrabajoA,2141,2779947,2781006,1059
TrabajoB,2142,2781006,2782039,1033
TrabajoA,2143,2782039,2783075,1036
TrabajoB,2144,2783075,2784121,1046
TrabajoA,2145,2784121,2785154,1033
TrabajoB,2146,2785154,2786188,1034
TrabajoA,2147,2786188,2787221,1033
TrabajoB,2148,2787221,2788254,1033
TrabajoA,2149,2788254,2789286,1032
TrabajoB,2150,2789286,2790395,1109
TrabajoA,2151,2790395,2791519,1124
TrabajoB,2152,2791519,2792641,1122
TrabajoA,2153,2792641,2793675,1034
TrabajoB,2154,2793675,2794709,1034
TrabajoA,2155,2794709,2795744,1035
TrabajoB,2156,2795744,2796779,1035
TrabajoA,2157,2796779,2797814,1035
TrabajoB,2158,2797814,2798863,1049
TrabajoA,2159,2798863,2799898,1035
TrabajoB,2160,2799898,2800933,1035
TrabajoA,2161,2800933,2801997,1064
TrabajoB,2162,2801997,2803156,1159
TrabajoA,2163,2803156,2804286,1130
TrabajoB,2164,2804286,2805320,1034
TrabajoA,2165,2805320,2806357,1037
TrabajoB,2166,2806357,2807391,1034
TrabajoA,2167,2807391,2809390,1999
TrabajoB,2168,2809390,2810893,1503
TrabajoA,2169,2810893,2812889,1996
TrabajoB,2170,2812889,2814882,1993
TrabajoA,2171,2814882,2816878,1996
TrabajoB,2172,2816878,2818871,1993
TrabajoA,2173,2818871,2820868,1997
TrabajoB,2174,2820868,2822862,1994
TrabajoA,2175,2822862,2824857,1995
TrabajoB,2176,2824857,2826851,1994
TrabajoA,2177,2826851,2828848,1997
TrabajoB,2178,2828848,2830841,1993
TrabajoA,2179,2830841,2831937,1096
TrabajoB,2180,2831937,2832989,1052
TrabajoA,2181,2832989,2834080,1091
TrabajoB,2182,2834080,2835115,1035
TrabajoA,2183,2835115,2836145,1030
TrabajoB,2184,2836145,2837185,1040
TrabajoA,2185,2837185,2838217,1032
TrabajoB,2186,2838217,2839330,1113
TrabajoA,2187,2839330,2840363,1033
TrabajoB,2188,2840363,2841402,1039
TrabajoA,2189,2841402,2842441,1039
TrabajoB,2190,2842441,2843599,1158
TrabajoA,2191,2843599,2844631,1032
TrabajoB,2192,2844631,2845718,1087
TrabajoA,2193,2845718,2846779,1061
TrabajoB,2194,2846779,2847810,1031
TrabajoA,2195,2847810,2848842,1032
TrabajoB,2196,2848842,2849873,1031
TrabajoA,2197,2849873,2850906,1033
TrabajoB,2198,2850906,2851937,1031
TrabajoA,2199,2851937,2852991,1054
TrabajoB,2200,2852991,2854379,1388
TrabajoA,2201,2854379,2855408,1029
TrabajoB,2202,2855408,2856575,1167
TrabajoA,2203,2856575,2857662,1087
TrabajoB,2204,2857662,2858737,1075
TrabajoA,2205,2858737,2859826,1089
TrabajoB,2206,2859826,2861823,1997
TrabajoA,2207,2861823,2863326,1503
TrabajoB,2208,2863326,2865320,1994
TrabajoA,2209,2865320,2867317,1997
TrabajoB,2210,2867317,2869310,1993
TrabajoA,2211,2869310,2871320,2010
TrabajoB,2212,2871320,2873304,1984
TrabajoA,2213,2873304,2875295,1991
TrabajoB,2214,2875295,2877290,1995
TrabajoA,2215,2877290,2879284,1994
TrabajoB,2216,2879284,2881280,1996
TrabajoA,2217,2881280,2883273,1993
TrabajoB,2218,2883273,2884844,1571
TrabajoA,2219,2884844,2885931,1087
TrabajoB,2220,2885931,2886967,1036
TrabajoA,2221,2886967,2888004,1037
TrabajoB,2222,2888004,2889055,1051
TrabajoA,2223,2889055,2890094,1039
TrabajoB,2224,2890094,2891134,1040
TrabajoA,2225,2891134,2892174,1040
TrabajoB,2226,2892174,2893216,1042
TrabajoA,2227,2893216,2894299,1083
TrabajoB,2228,2894299,2895389,1090
TrabajoA,2229,2895389,2896508,1119
TrabajoB,2230,2896508,2897600,1092
TrabajoA,2231,2897600,2898638,1038
TrabajoB,2232,2898638,2899680,1042
TrabajoA,2233,2899680,2900772,1092
TrabajoB,2234,2900772,2901812,1040
TrabajoA,2235,2901812,2902854,1042
TrabajoB,2236,2902854,2903893,1039
TrabajoA,2237,2903893,2904934,1041
TrabajoB,2238,2904934,2905961,1027
TrabajoA,2239,2905961,2906995,1034
TrabajoB,2240,2906995,2908114,1119
TrabajoA,2241,2908114,2909279,1165
TrabajoB,2242,2909279,2910338,1059
TrabajoA,2243,2910338,2911370,1032
TrabajoB,2244,2911370,2912401,1031
TrabajoA,2245,2912401,2914398,1997
TrabajoB,2246,2914398,2915901,1503
TrabajoA,2247,2915901,2917897,1996
TrabajoB,2248,2917897,2919889,1992
TrabajoA,2249,2919889,2921887,1998
TrabajoB,2250,2921887,2923881,1994
TrabajoA,2251,2923881,2924953,1072
TrabajoB,2252,2924953,2926045,1092
TrabajoA,2253,2926045,2927133,1088
TrabajoB,2254,2927133,2928166,1033
TrabajoA,2255,2928166,2929200,1034
TrabajoB,2256,2929200,2930233,1033
TrabajoA,2257,2930233,2931268,1035
TrabajoB,2258,2931268,2932344,1076
TrabajoA,2259,2932344,2933371,1027
TrabajoB,2260,2933371,2934401,1030
TrabajoA,2261,2934401,2935428,1027
TrabajoB,2262,2935428,2936454,1026
TrabajoA,2263,2936454,2937526,1072
TrabajoB,2264,2937526,2938665,1139
TrabajoA,2265,2938665,2939699,1034
TrabajoB,2266,2939699,2940734,1035
TrabajoA,2267,2940734,2941767,1033
TrabajoB,2268,2941767,2942802,1035
TrabajoA,2269,2942802,2943835,1033
TrabajoB,2270,2943835,2944869,1034
TrabajoA,2271,2944869,2945904,1035
TrabajoB,2272,2945904,2947036,1132
TrabajoA,2273,2947036,2948092,1056
TrabajoB,2274,2948092,2949141,1049
TrabajoA,2275,2949141,2950219,1078
TrabajoB,2276,2950219,2951388,1169
TrabajoA,2277,2951388,2952445,1057
TrabajoB,2278,2952445,2953964,1519
TrabajoA,2279,2953964,2955958,1994
TrabajoB,2280,2955958,2957464,1506
TrabajoA,2281,2957464,2958981,1517
TrabajoB,2282,2958981,2960975,1994
TrabajoA,2283,2960975,2962969,1994
TrabajoB,2284,2962969,2964960,1991
TrabajoA,2285,2964960,2966951,1991
TrabajoB,2286,2966951,2968945,1994
TrabajoA,2287,2968945,2970947,2002
TrabajoB,2288,2970947,2972935,1988
TrabajoA,2289,2972935,2974928,1993
TrabajoB,2290,2974928,2976923,1995
TrabajoA,2291,2976923,2978584,1661
TrabajoB,2292,2978584,2979662,1078
TrabajoA,2293,2979662,2980725,1063
TrabajoB,2294,2980725,2981762,1037
TrabajoA,2295,2981762,2982797,1035
TrabajoB,2296,2982797,2983834,1037
TrabajoA,2297,2983834,2984871,1037
TrabajoB,2298,2984871,2985908,1037
TrabajoA,2299,2985908,2986979,1071
TrabajoB,2300,2986979,2988010,1031
TrabajoA,2301,2988010,2989052,1042
TrabajoB,2302,2989052,2990093,1041
TrabajoA,2303,2990093,2991189,1096
TrabajoB,2304,2991189,2992309,1120
TrabajoA,2305,2992309,2993345,1036
TrabajoB,2306,2993345,2994422,1077
TrabajoA,2307,2994422,2995451,1029
TrabajoB,2308,2995451,2996478,1027
TrabajoA,2309,2996478,2997522,1044
TrabajoB,2310,2997522,2998574,1052
TrabajoA,2311,2998574,2999627,1053
TrabajoB,2312,2999627,3000655,1028
TrabajoA,2313,3000655,3001698,1043
TrabajoB,2314,3001698,3002710,1012
TrabajoA,2315,3002710,3003866,1156
TrabajoB,2316,3003866,3004891,1025
TrabajoA,2317,3004891,3005922,1031
TrabajoB,2318,3005922,3006954,1032
TrabajoA,2319,3006954,3008955,2001
TrabajoB,2320,3008955,3010457,1502
TrabajoA,2321,3010457,3012450,1993
TrabajoB,2322,3012450,3014444,1994
TrabajoA,2323,3014444,3016439,1995
TrabajoB,2324,3016439,3018434,1995
TrabajoA,2325,3018434,3019528,1094
TrabajoB,2326,3019528,3020644,1116
TrabajoA,2327,3020644,3021707,1063
TrabajoB,2328,3021707,3022740,1033
TrabajoA,2329,3022740,3023788,1048
TrabajoB,2330,3023788,3024900,1112
TrabajoA,2331,3024900,3025935,1035
TrabajoB,2332,3025935,3026967,1032
TrabajoA,2333,3026967,3028001,1034
TrabajoB,2334,3028001,3029034,1033
TrabajoA,2335,3029034,3030100,1066
TrabajoB,2336,3030100,3031184,1084
TrabajoA,2337,3031184,3032244,1060
TrabajoB,2338,3032244,3033307,1063
TrabajoA,2339,3033307,3034369,1062
TrabajoB,2340,3034369,3035401,1032
TrabajoA,2341,3035401,3036435,1034
TrabajoB,2342,3036435,3037469,1034
TrabajoA,2343,3037469,3038506,1037
TrabajoB,2344,3038506,3039549,1043
TrabajoA,2345,3039549,3040660,1111
TrabajoB,2346,3040660,3041762,1102
TrabajoA,2347,3041762,3042827,1065
TrabajoB,2348,3042827,3043888,1061
TrabajoA,2349,3043888,3044972,1084
TrabajoB,2350,3044972,3046006,1034
TrabajoA,2351,3046006,3047042,1036
TrabajoB,2352,3047042,3048557,1515
TrabajoA,2353,3048557,3050059,1502
TrabajoB,2354,3050059,3052054,1995
TrabajoA,2355,3052054,3054052,1998
TrabajoB,2356,3054052,3056048,1996
TrabajoA,2357,3056048,3058039,1991
TrabajoB,2358,3058039,3060034,1995
TrabajoA,2359,3060034,3061564,1530
TrabajoB,2360,3061564,3062651,1087
TrabajoA,2361,3062651,3063684,1033
TrabajoB,2362,3063684,3064717,1033
TrabajoA,2363,3064717,3065750,1033
TrabajoB,2364,3065750,3066783,1033
TrabajoA,2365,3066783,3067816,1033
TrabajoB,2366,3067816,3068862,1046
TrabajoA,2367,3068862,3069895,1033
TrabajoB,2368,3069895,3070964,1069
TrabajoA,2369,3070964,3072163,1199
TrabajoB,2370,3072163,3073225,1062
TrabajoA,2371,3073225,3074258,1033
TrabajoB,2372,3074258,3075321,1063
TrabajoA,2373,3075321,3076356,1035
TrabajoB,2374,3076356,3077388,1032
TrabajoA,2375,3077388,3078421,1033
TrabajoB,2376,3078421,3079455,1034
TrabajoA,2377,3079455,3080488,1033
TrabajoB,2378,3080488,3081522,1034
TrabajoA,2379,3081522,3082556,1034
TrabajoB,2380,3082556,3083655,1099
TrabajoA,2381,3083655,3084797,1142
TrabajoB,2382,3084797,3085830,1033
TrabajoA,2383,3085830,3086941,1111
TrabajoB,2384,3086941,3087965,1024
TrabajoA,2385,3087965,3088998,1033
TrabajoB,2386,3088998,3090995,1997
TrabajoA,2387,3090995,3092497,1502
TrabajoB,2388,3092497,3094492,1995
TrabajoA,2389,3094492,3096488,1996
TrabajoB,2390,3096488,3098485,1997
TrabajoA,2391,3098485,3100475,1990
TrabajoB,2392,3100475,3102088,1613
TrabajoA,2393,3102088,3104086,1998
TrabajoB,2394,3104086,3106076,1990
TrabajoA,2395,3106076,3107578,1502
TrabajoB,2396,3107578,3109572,1994
TrabajoA,2397,3109572,3111153,1581
TrabajoB,2398,3111153,3112216,1063
TrabajoA,2399,3112216,3113282,1066
TrabajoB,2400,3113282,3114326,1044
TrabajoA,2401,3114326,3115359,1033
TrabajoB,2402,3115359,3116384,1025
TrabajoA,2403,3116384,3117593,1209
TrabajoB,2404,3117593,3118624,1031
TrabajoA,2405,3118624,3119658,1034
TrabajoB,2406,3119658,3120734,1076
TrabajoA,2407,3120734,3121805,1071
TrabajoB,2408,3121805,3122921,1116
TrabajoA,2409,3122921,3124033,1112
TrabajoB,2410,3124033,3125064,1031
TrabajoA,2411,3125064,3126096,1032
TrabajoB,2412,3126096,3127127,1031
TrabajoA,2413,3127127,3128162,1035
TrabajoB,2414,3128162,3129196,1034
TrabajoA,2415,3129196,3130228,1032
TrabajoB,2416,3130228,3131259,1031
TrabajoA,2417,3131259,3132291,1032
TrabajoB,2418,3132291,3133433,1142
TrabajoA,2419,3133433,3134467,1034
TrabajoB,2420,3134467,3135584,1117
TrabajoA,2421,3135584,3136665,1081
TrabajoB,2422,3136665,3137698,1033
TrabajoA,2423,3137698,3138730,1032
TrabajoB,2424,3138730,3139762,1032
TrabajoA,2425,3139762,3141758,1996
TrabajoB,2426,3141758,3143265,1507
TrabajoA,2427,3143265,3145255,1990
TrabajoB,2428,3145255,3147250,1995
TrabajoA,2429,3147250,3148848,1598
TrabajoB,2430,3148848,3150840,1992
TrabajoA,2431,3150840,3152837,1997
TrabajoB,2432,3152837,3154838,2001
TrabajoA,2433,3154838,3156825,1987
TrabajoB,2434,3156825,3158823,1998
TrabajoA,2435,3158823,3160813,1990
TrabajoB,2436,3160813,3162809,1996
TrabajoA,2437,3162809,3164807,1998
TrabajoB,2438,3164807,3166796,1989
TrabajoA,2439,3166796,3168790,1994
TrabajoB,2440,3168790,3170798,2008
TrabajoA,2441,3170798,3172783,1985
TrabajoB,2442,3172783,3174300,1517
TrabajoA,2443,3174300,3175334,1034
TrabajoB,2444,3175334,3176402,1068
TrabajoA,2445,3176402,3177468,1066
TrabajoB,2446,3177468,3178498,1030
TrabajoA,2447,3178498,3179564,1066
TrabajoB,2448,3179564,3180595,1031
TrabajoA,2449,3180595,3181626,1031
TrabajoB,2450,3181626,3182657,1031
TrabajoA,2451,3182657,3183688,1031
TrabajoB,2452,3183688,3184804,1116
TrabajoA,2453,3184804,3185913,1109
TrabajoB,2454,3185913,3186981,1068
TrabajoA,2455,3186981,3188082,1101
TrabajoB,2456,3188082,3189125,1043
TrabajoA,2457,3189125,3190158,1033
TrabajoB,2458,3190158,3191190,1032
TrabajoA,2459,3191190,3192223,1033
TrabajoB,2460,3192223,3193256,1033
TrabajoA,2461,3193256,3194290,1034
TrabajoB,2462,3194290,3195369,1079
TrabajoA,2463,3195369,3196459,1090
TrabajoB,2464,3196459,3197542,1083
TrabajoA,2465,3197542,3198643,1101
TrabajoB,2466,3198643,3199676,1033
TrabajoA,2467,3199676,3200768,1092
TrabajoB,2468,3200768,3201800,1032
TrabajoA,2469,3201800,3203320,1520
TrabajoB,2470,3203320,3204819,1499
TrabajoA,2471,3204819,3206816,1997
TrabajoB,2472,3206816,3208811,1995
TrabajoA,2473,3208811,3210805,1994
TrabajoB,2474,3210805,3212797,1992
TrabajoA,2475,3212797,3214792,1995
TrabajoB,2476,3214792,3216786,1994
TrabajoA,2477,3216786,3218785,1999
TrabajoB,2478,3218785,3220778,1993
TrabajoA,2479,3220778,3222772,1994
TrabajoB,2480,3222772,3224767,1995
TrabajoA,2481,3224767,3226445,1678
TrabajoB,2482,3226445,3227614,1169
TrabajoA,2483,3227614,3228651,1037
TrabajoB,2484,3228651,3229687,1036
TrabajoA,2485,3229687,3230724,1037
TrabajoB,2486,3230724,3231764,1040
TrabajoA,2487,3231764,3232805,1041
TrabajoB,2488,3232805,3233857,1052
TrabajoA,2489,3233857,3234899,1042
TrabajoB,2490,3234899,3235939,1040
TrabajoA,2491,3235939,3236990,1051
TrabajoB,2492,3236990,3238057,1067
TrabajoA,2493,3238057,3239246,1189
TrabajoB,2494,3239246,3240286,1040
TrabajoA,2495,3240286,3241324,1038
TrabajoB,2496,3241324,3242697,1373
TrabajoA,2497,3242697,3243953,1256
TrabajoB,2498,3243953,3245033,1080
TrabajoA,2499,3245033,3246073,1040
TrabajoB,2500,3246073,3247108,1035
TrabajoA,2501,3247108,3248385,1277
TrabajoB,2502,3248385,3249672,1287
TrabajoA,2503,3249672,3251286,1614
TrabajoB,2504,3251286,3252788,1502
TrabajoA,2505,3252788,3254783,1995
TrabajoB,2506,3254783,3256509,1726
TrabajoA,2507,3256509,3258020,1511
TrabajoB,2508,3258020,3259179,1159
TrabajoA,2509,3259179,3260211,1032
TrabajoB,2510,3260211,3261313,1102
TrabajoA,2511,3261313,3262347,1034
TrabajoB,2512,3262347,3263386,1039
TrabajoA,2513,3263386,3265859,2473
TrabajoB,2514,3265859,3267857,1998
TrabajoA,2515,3267857,3269856,1999
TrabajoB,2516,3269856,3271847,1991
TrabajoA,2517,3271847,3273867,2020
TrabajoB,2518,3273867,3276291,2424
TrabajoA,2519,3276291,3277397,1106
TrabajoB,2520,3277397,3278520,1123
TrabajoA,2521,3278520,3279752,1232
TrabajoB,2522,3279752,3280786,1034
TrabajoA,2523,3280786,3281826,1040
TrabajoB,2524,3281826,3282868,1042
TrabajoA,2525,3282868,3283906,1038
TrabajoB,2526,3283906,3284932,1026
TrabajoA,2527,3284932,3285976,1044
TrabajoB,2528,3285976,3287095,1119
TrabajoA,2529,3287095,3288220,1125
TrabajoB,2530,3288220,3289259,1039
TrabajoA,2531,3289259,3290387,1128
TrabajoB,2532,3290387,3291485,1098
TrabajoA,2533,3291485,3292551,1066
TrabajoB,2534,3292551,3293601,1050
TrabajoA,2535,3293601,3294635,1034
TrabajoB,2536,3294635,3295666,1031
TrabajoA,2537,3295666,3296706,1040
TrabajoB,2538,3296706,3297741,1035
TrabajoA,2539,3297741,3298774,1033
TrabajoB,2540,3298774,3299871,1097
TrabajoA,2541,3299871,3300907,1036
TrabajoB,2542,3300907,3301940,1033
TrabajoA,2543,3301940,3303063,1123
TrabajoB,2544,3303063,3304265,1202
TrabajoA,2545,3304265,3305300,1035
TrabajoB,2546,3305300,3307217,1917
TrabajoA,2547,3307217,3308726,1509
TrabajoB,2548,3308726,3310717,1991
TrabajoA,2549,3310717,3312713,1996
TrabajoB,2550,3312713,3314709,1996
TrabajoA,2551,3314709,3316702,1993
TrabajoB,2552,3316702,3318700,1998
TrabajoA,2553,3318700,3320695,1995
TrabajoB,2554,3320695,3322690,1995
TrabajoA,2555,3322690,3324686,1996
TrabajoB,2556,3324686,3326677,1991
TrabajoA,2557,3326677,3328671,1994
TrabajoB,2558,3328671,3330671,2000
TrabajoA,2559,3330671,3332666,1995
TrabajoB,2560,3332666,3334660,1994
TrabajoA,2561,3334660,3336652,1992
TrabajoB,2562,3336652,3338652,2000
TrabajoA,2563,3338652,3340640,1988
TrabajoB,2564,3340640,3342636,1996
TrabajoA,2565,3342636,3344630,1994
TrabajoB,2566,3344630,3346618,1988
TrabajoA,2567,3346618,3348613,1995
TrabajoB,2568,3348613,3350616,2003
TrabajoA,2569,3350616,3351693,1077
TrabajoB,2570,3351693,3352783,1090
TrabajoA,2571,3352783,3353837,1054
TrabajoB,2572,3353837,3354876,1039
TrabajoA,2573,3354876,3355902,1026
TrabajoB,2574,3355902,3356929,1027
TrabajoA,2575,3356929,3357955,1026
TrabajoB,2576,3357955,3358983,1028
TrabajoA,2577,3358983,3360008,1025
TrabajoB,2578,3360008,3361113,1105
TrabajoA,2579,3361113,3362146,1033
TrabajoB,2580,3362146,3363178,1032
TrabajoA,2581,3363178,3364287,1109
TrabajoB,2582,3364287,3365473,1186
TrabajoA,2583,3365473,3366501,1028
TrabajoB,2584,3366501,3367532,1031
TrabajoA,2585,3367532,3368578,1046
TrabajoB,2586,3368578,3369610,1032
TrabajoA,2587,3369610,3370657,1047
TrabajoB,2588,3370657,3371682,1025
TrabajoA,2589,3371682,3372709,1027
TrabajoB,2590,3372709,3373782,1073
TrabajoA,2591,3373782,3374841,1059
TrabajoB,2592,3374841,3375871,1030
TrabajoA,2593,3375871,3376930,1059
TrabajoB,2594,3376930,3378040,1110
TrabajoA,2595,3378040,3379131,1091
TrabajoB,2596,3379131,3381138,2007
TrabajoA,2597,3381138,3383128,1990
TrabajoB,2598,3383128,3385115,1987
TrabajoA,2599,3385115,3387115,2000
TrabajoB,2600,3387115,3389105,1990
TrabajoA,2601,3389105,3391099,1994
TrabajoB,2602,3391099,3393096,1997
TrabajoA,2603,3393096,3395088,1992
TrabajoB,2604,3395088,3397087,1999
TrabajoA,2605,3397087,3399079,1992
TrabajoB,2606,3399079,3401072,1993
TrabajoA,2607,3401072,3402620,1548
TrabajoB,2608,3402620,3403836,1216
TrabajoA,2609,3403836,3404960,1124
TrabajoB,2610,3404960,3406007,1047
TrabajoA,2611,3406007,3407049,1042
TrabajoB,2612,3407049,3408078,1029
TrabajoA,2613,3408078,3409128,1050
TrabajoB,2614,3409128,3410160,1032
TrabajoA,2615,3410160,3411186,1026
TrabajoB,2616,3411186,3412285,1099
TrabajoA,2617,3412285,3413317,1032
TrabajoB,2618,3413317,3414354,1037
TrabajoA,2619,3414354,3415438,1084
TrabajoB,2620,3415438,3416523,1085
TrabajoA,2621,3416523,3417615,1092
TrabajoB,2622,3417615,3418643,1028
TrabajoA,2623,3418643,3419675,1032
TrabajoB,2624,3419675,3420707,1032
TrabajoA,2625,3420707,3421738,1031
TrabajoB,2626,3421738,3422769,1031
TrabajoA,2627,3422769,3423801,1032
TrabajoB,2628,3423801,3424832,1031
TrabajoA,2629,3424832,3425864,1032
TrabajoB,2630,3425864,3426926,1062
TrabajoA,2631,3426926,3427992,1066
TrabajoB,2632,3427992,3429108,1116
TrabajoA,2633,3429108,3430199,1091
TrabajoB,2634,3430199,3431230,1031
TrabajoA,2635,3431230,3433225,1995
TrabajoB,2636,3433225,3434728,1503
TrabajoA,2637,3434728,3436754,2026
TrabajoB,2638,3436754,3438718,1964
TrabajoA,2639,3438718,3440712,1994
TrabajoB,2640,3440712,3442707,1995
TrabajoA,2641,3442707,3444705,1998
TrabajoB,2642,3444705,3446703,1998
TrabajoA,2643,3446703,3448691,1988
TrabajoB,2644,3448691,3450685,1994
TrabajoA,2645,3450685,3452679,1994
TrabajoB,2646,3452679,3454966,2287
TrabajoA,2647,3454966,3456002,1036
TrabajoB,2648,3456002,3457125,1123
TrabajoA,2649,3457125,3458155,1030
TrabajoB,2650,3458155,3459255,1100
TrabajoA,2651,3459255,3460292,1037
TrabajoB,2652,3460292,3461329,1037
TrabajoA,2653,3461329,3462365,1036
TrabajoB,2654,3462365,3463402,1037
TrabajoA,2655,3463402,3464440,1038
TrabajoB,2656,3464440,3465508,1068
TrabajoA,2657,3465508,3466595,1087
TrabajoB,2658,3466595,3467632,1037
TrabajoA,2659,3467632,3468721,1089
TrabajoB,2660,3468721,3469811,1090
TrabajoA,2661,3469811,3470907,1096
TrabajoB,2662,3470907,3471944,1037
TrabajoA,2663,3471944,3472980,1036
TrabajoB,2664,3472980,3474093,1113
TrabajoA,2665,3474093,3475128,1035
TrabajoB,2666,3475128,3476223,1095
TrabajoA,2667,3476223,3477286,1063
TrabajoB,2668,3477286,3478373,1087
TrabajoA,2669,3478373,3479408,1035
TrabajoB,2670,3479408,3480443,1035
TrabajoA,2671,3480443,3481534,1091
TrabajoB,2672,3481534,3482597,1063
TrabajoA,2673,3482597,3483630,1033
TrabajoB,2674,3483630,3485627,1997
TrabajoA,2675,3485627,3487138,1511
TrabajoB,2676,3487138,3489128,1990
TrabajoA,2677,3489128,3491125,1997
TrabajoB,2678,3491125,3493117,1992
TrabajoA,2679,3493117,3495111,1994
TrabajoB,2680,3495111,3497106,1995
TrabajoA,2681,3497106,3499100,1994
TrabajoB,2682,3499100,3501095,1995
TrabajoA,2683,3501095,3503093,1998
TrabajoB,2684,3503093,3505089,1996
TrabajoA,2685,3505089,3507084,1995
TrabajoB,2686,3507084,3508144,1060
TrabajoA,2687,3508144,3509281,1137
TrabajoB,2688,3509281,3510317,1036
TrabajoA,2689,3510317,3511352,1035
TrabajoB,2690,3511352,3512387,1035
TrabajoA,2691,3512387,3513422,1035
TrabajoB,2692,3513422,3514456,1034
TrabajoA,2693,3514456,3515491,1035
TrabajoB,2694,3515491,3516526,1035
TrabajoA,2695,3516526,3517588,1062
TrabajoB,2696,3517588,3518687,1099
TrabajoA,2697,3518687,3519749,1062
TrabajoB,2698,3519749,3520937,1188
TrabajoA,2699,3520937,3521966,1029
TrabajoB,2700,3521966,3523069,1103
TrabajoA,2701,3523069,3524101,1032
TrabajoB,2702,3524101,3525133,1032
TrabajoA,2703,3525133,3526165,1032
TrabajoB,2704,3526165,3527197,1032
TrabajoA,2705,3527197,3528228,1031
TrabajoB,2706,3528228,3529260,1032
TrabajoA,2707,3529260,3530292,1032
TrabajoB,2708,3530292,3531415,1123
TrabajoA,2709,3531415,3532502,1087
TrabajoB,2710,3532502,3533571,1069
TrabajoA,2711,3533571,3534659,1088
TrabajoB,2712,3534659,3535691,1032
TrabajoA,2713,3535691,3537693,2002
TrabajoB,2714,3537693,3539683,1990
TrabajoA,2715,3539683,3541677,1994
TrabajoB,2716,3541677,3543673,1996
TrabajoA,2717,3543673,3545666,1993
TrabajoB,2718,3545666,3547661,1995
TrabajoA,2719,3547661,3549655,1994
TrabajoB,2720,3549655,3551650,1995
TrabajoA,2721,3551650,3553655,2005
TrabajoB,2722,3553655,3555644,1989
TrabajoA,2723,3555644,3557635,1991
TrabajoB,2724,3557635,3559630,1995
TrabajoA,2725,3559630,3560758,1128
TrabajoB,2726,3560758,3561819,1061
TrabajoA,2727,3561819,3562853,1034
TrabajoB,2728,3562853,3563901,1048
TrabajoA,2729,3563901,3564961,1060
TrabajoB,2730,3564961,3565996,1035
TrabajoA,2731,3565996,3567030,1034
TrabajoB,2732,3567030,3568146,1116
TrabajoA,2733,3568146,3569172,1026
TrabajoB,2734,3569172,3570215,1043
TrabajoA,2735,3570215,3571278,1063
TrabajoB,2736,3571278,3572337,1059
TrabajoA,2737,3572337,3573398,1061
TrabajoB,2738,3573398,3574460,1062
TrabajoA,2739,3574460,3575546,1086
TrabajoB,2740,3575546,3576626,1080
TrabajoA,2741,3576626,3577659,1033
TrabajoB,2742,3577659,3578704,1045
TrabajoA,2743,3578704,3579737,1033
TrabajoB,2744,3579737,3580769,1032
TrabajoA,2745,3580769,3581800,1031
TrabajoB,2746,3581800,3582861,1061
TrabajoA,2747,3582861,3583929,1068
TrabajoB,2748,3583929,3584997,1068
TrabajoA,2749,3584997,3586030,1033
TrabajoB,2750,3586030,3587070,1040
TrabajoA,2751,3587070,3588160,1090
TrabajoB,2752,3588160,3589678,1518
TrabajoA,2753,3589678,3591180,1502
TrabajoB,2754,3591180,3593181,2001
TrabajoA,2755,3593181,3595172,1991
TrabajoB,2756,3595172,3596342,1170
TrabajoA,2757,3596342,3597404,1062
TrabajoB,2758,3597404,3598505,1101
TrabajoA,2759,3598505,3599577,1072
TrabajoB,2760,3599577,3600641,1064
TrabajoA,2761,3600641,3601677,1036
TrabajoB,2762,3601677,3602714,1037
TrabajoA,2763,3602714,3603756,1042
TrabajoB,2764,3603756,3604790,1034
TrabajoA,2765,3604790,3605827,1037
TrabajoB,2766,3605827,3606892,1065
TrabajoA,2767,3606892,3608012,1120
TrabajoB,2768,3608012,3609100,1088
TrabajoA,2769,3609100,3610163,1063
TrabajoB,2770,3610163,3611225,1062
TrabajoA,2771,3611225,3612288,1063
TrabajoB,2772,3612288,3613322,1034
TrabajoA,2773,3613322,3614396,1074
TrabajoB,2774,3614396,3615428,1032
TrabajoA,2775,3615428,3616462,1034
TrabajoB,2776,3616462,3617495,1033
TrabajoA,2777,3617495,3618529,1034
TrabajoB,2778,3618529,3619615,1086
TrabajoA,2779,3619615,3620673,1058
TrabajoB,2780,3620673,3621766,1093
TrabajoA,2781,3621766,3622799,1033
TrabajoB,2782,3622799,3623865,1066
TrabajoA,2783,3623865,3625861,1996
TrabajoB,2784,3625861,3627364,1503
TrabajoA,2785,3627364,3629360,1996
TrabajoB,2786,3629360,3631356,1996
TrabajoA,2787,3631356,3633349,1993
TrabajoB,2788,3633349,3635342,1993
TrabajoA,2789,3635342,3637339,1997
TrabajoB,2790,3637339,3639332,1993
TrabajoA,2791,3639332,3641326,1994
TrabajoB,2792,3641326,3643321,1995
TrabajoA,2793,3643321,3645316,1995
TrabajoB,2794,3645316,3646891,1575
TrabajoA,2795,3646891,3647954,1063
TrabajoB,2796,3647954,3648987,1033
TrabajoA,2797,3648987,3650058,1071
TrabajoB,2798,3650058,3651094,1036
TrabajoA,2799,3651094,3652131,1037
TrabajoB,2800,3652131,3653171,1040
TrabajoA,2801,3653171,3654233,1062
TrabajoB,2802,3654233,3655288,1055
TrabajoA,2803,3655288,3656318,1030
TrabajoB,2804,3656318,3657389,1071
TrabajoA,2805,3657389,3658479,1090
TrabajoB,2806,3658479,3659567,1088
TrabajoA,2807,3659567,3660631,1064
TrabajoB,2808,3660631,3661807,1176
TrabajoA,2809,3661807,3662842,1035
TrabajoB,2810,3662842,3663879,1037
TrabajoA,2811,3663879,3664918,1039
TrabajoB,2812,3664918,3665957,1039
TrabajoA,2813,3665957,3666988,1031
TrabajoB,2814,3666988,3668043,1055
TrabajoA,2815,3668043,3669076,1033
TrabajoB,2816,3669076,3670144,1068
TrabajoA,2817,3670144,3671301,1157
TrabajoB,2818,3671301,3672332,1031
TrabajoA,2819,3672332,3673474,1142
TrabajoB,2820,3673474,3674537,1063
TrabajoA,2821,3674537,3675573,1036
TrabajoB,2822,3675573,3677574,2001
TrabajoA,2823,3677574,3679077,1503
TrabajoB,2824,3679077,3681070,1993
TrabajoA,2825,3681070,3683068,1998
TrabajoB,2826,3683068,3685060,1992
TrabajoA,2827,3685060,3687062,2002
TrabajoB,2828,3687062,3689052,1990
TrabajoA,2829,3689052,3691043,1991
TrabajoB,2830,3691043,3693061,2018
TrabajoA,2831,3693061,3695040,1979
TrabajoB,2832,3695040,3697029,1989
TrabajoA,2833,3697029,3699027,1998
TrabajoB,2834,3699027,3700131,1104
TrabajoA,2835,3700131,3701200,1069
TrabajoB,2836,3701200,3702240,1040
TrabajoA,2837,3702240,3703283,1043
TrabajoB,2838,3703283,3704329,1046
TrabajoA,2839,3704329,3705368,1039
TrabajoB,2840,3705368,3706410,1042
TrabajoA,2841,3706410,3707440,1030
TrabajoB,2842,3707440,3708697,1257
TrabajoA,2843,3708697,3709724,1027
TrabajoB,2844,3709724,3710768,1044
TrabajoA,2845,3710768,3711804,1036
TrabajoB,2846,3711804,3712879,1075
TrabajoA,2847,3712879,3713978,1099
TrabajoB,2848,3713978,3715041,1063
TrabajoA,2849,3715041,3716073,1032
TrabajoB,2850,3716073,3717106,1033
TrabajoA,2851,3717106,3718140,1034
TrabajoB,2852,3718140,3719174,1034
TrabajoA,2853,3719174,3720209,1035
TrabajoB,2854,3720209,3721299,1090
TrabajoA,2855,3721299,3722381,1082
TrabajoB,2856,3722381,3723453,1072
TrabajoA,2857,3723453,3724518,1065
TrabajoB,2858,3724518,3725580,1062
TrabajoA,2859,3725580,3726641,1061
TrabajoB,2860,3726641,3727726,1085
TrabajoA,2861,3727726,3729722,1996
TrabajoB,2862,3729722,3731224,1502
TrabajoA,2863,3731224,3733219,1995
TrabajoB,2864,3733219,3735214,1995
TrabajoA,2865,3735214,3737210,1996
TrabajoB,2866,3737210,3739215,2005
TrabajoA,2867,3739215,3741203,1988
TrabajoB,2868,3741203,3743195,1992
TrabajoA,2869,3743195,3745187,1992
TrabajoB,2870,3745187,3747181,1994
TrabajoA,2871,3747181,3749176,1995
TrabajoB,2872,3749176,3750729,1553
TrabajoA,2873,3750729,3751818,1089
TrabajoB,2874,3751818,3752882,1064
TrabajoA,2875,3752882,3754051,1169
TrabajoB,2876,3754051,3755085,1034
TrabajoA,2877,3755085,3756120,1035
TrabajoB,2878,3756120,3757158,1038
TrabajoA,2879,3757158,3758199,1041
TrabajoB,2880,3758199,3759247,1048
TrabajoA,2881,3759247,3760284,1037
TrabajoB,2882,3760284,3761406,1122
TrabajoA,2883,3761406,3762441,1035
TrabajoB,2884,3762441,3763476,1035
TrabajoA,2885,3763476,3764565,1089
TrabajoB,2886,3764565,3765653,1088
TrabajoA,2887,3765653,3766687,1034
TrabajoB,2888,3766687,3767722,1035
TrabajoA,2889,3767722,3768757,1035
TrabajoB,2890,3768757,3769837,1080
TrabajoA,2891,3769837,3770907,1070
TrabajoB,2892,3770907,3771951,1044
TrabajoA,2893,3771951,3772983,1032
TrabajoB,2894,3772983,3774097,1114
TrabajoA,2895,3774097,3775212,1115
TrabajoB,2896,3775212,3776299,1087
TrabajoA,2897,3776299,3777375,1076
TrabajoB,2898,3777375,3778410,1035
TrabajoA,2899,3778410,3779445,1035
TrabajoB,2900,3779445,3781443,1998
TrabajoA,2901,3781443,3782947,1504
TrabajoB,2902,3782947,3784950,2003
TrabajoA,2903,3784950,3786944,1994
TrabajoB,2904,3786944,3788945,2001
TrabajoA,2905,3788945,3790927,1982
TrabajoB,2906,3790927,3792922,1995
TrabajoA,2907,3792922,3794915,1993
TrabajoB,2908,3794915,3796909,1994
TrabajoA,2909,3796909,3798904,1995
TrabajoB,2910,3798904,3800901,1997
TrabajoA,2911,3800901,3802894,1993
TrabajoB,2912,3802894,3803938,1044
TrabajoA,2913,3803938,3805043,1105
TrabajoB,2914,3805043,3806131,1088
TrabajoA,2915,3806131,3807166,1035
TrabajoB,2916,3807166,3808201,1035
TrabajoA,2917,3808201,3809236,1035
TrabajoB,2918,3809236,3810270,1034
TrabajoA,2919,3810270,3811305,1035
TrabajoB,2920,3811305,3812340,1035
TrabajoA,2921,3812340,3813402,1062
TrabajoB,2922,3813402,3814557,1155
TrabajoA,2923,3814557,3815622,1065
TrabajoB,2924,3815622,3816684,1062
TrabajoA,2925,3816684,3817746,1062
TrabajoB,2926,3817746,3818836,1090
TrabajoA,2927,3818836,3819871,1035
TrabajoB,2928,3819871,3820907,1036
TrabajoA,2929,3820907,3821942,1035
TrabajoB,2930,3821942,3822976,1034
TrabajoA,2931,3822976,3824011,1035
TrabajoB,2932,3824011,3825046,1035
TrabajoA,2933,3825046,3826132,1086
TrabajoB,2934,3826132,3827223,1091
TrabajoA,2935,3827223,3828286,1063
TrabajoB,2936,3828286,3829349,1063
TrabajoA,2937,3829349,3830485,1136
TrabajoB,2938,3830485,3831715,1230
TrabajoA,2939,3831715,3833711,1996
TrabajoB,2940,3833711,3835209,1498
TrabajoA,2941,3835209,3837204,1995
TrabajoB,2942,3837204,3839199,1995
TrabajoA,2943,3839199,3841193,1994
TrabajoB,2944,3841193,3843191,1998
TrabajoA,2945,3843191,3845182,1991
TrabajoB,2946,3845182,3847187,2005
TrabajoA,2947,3847187,3848263,1076
TrabajoB,2948,3848263,3849338,1075
TrabajoA,2949,3849338,3850374,1036
TrabajoB,2950,3850374,3851411,1037
TrabajoA,2951,3851411,3852448,1037
TrabajoB,2952,3852448,3853495,1047
TrabajoA,2953,3853495,3854913,1418
TrabajoB,2954,3854913,3855959,1046
TrabajoA,2955,3855959,3856989,1030
TrabajoB,2956,3856989,3858057,1068
TrabajoA,2957,3858057,3859146,1089
TrabajoB,2958,3859146,3860260,1114
TrabajoA,2959,3860260,3861295,1035
TrabajoB,2960,3861295,3862333,1038
TrabajoA,2961,3862333,3863370,1037
TrabajoB,2962,3863370,3864405,1035
TrabajoA,2963,3864405,3865439,1034
TrabajoB,2964,3865439,3866474,1035
TrabajoA,2965,3866474,3867538,1064
TrabajoB,2966,3867538,3868575,1037
TrabajoA,2967,3868575,3869612,1037
TrabajoB,2968,3869612,3870685,1073
TrabajoA,2969,3870685,3871807,1122
TrabajoB,2970,3871807,3872943,1136
TrabajoA,2971,3872943,3874005,1062
TrabajoB,2972,3874005,3875521,1516
TrabajoA,2973,3875521,3877027,1506
TrabajoB,2974,3877027,3879024,1997
TrabajoA,2975,3879024,3881017,1993
TrabajoB,2976,3881017,3883011,1994
TrabajoA,2977,3883011,3885006,1995
TrabajoB,2978,3885006,3887008,2002
TrabajoA,2979,3887008,3888998,1990
TrabajoB,2980,3888998,3890991,1993
TrabajoA,2981,3890991,3892986,1995
TrabajoB,2982,3892986,3894981,1995
TrabajoA,2983,3894981,3896995,2014
TrabajoB,2984,3896995,3898969,1974
TrabajoA,2985,3898969,3900963,1994
TrabajoB,2986,3900963,3902958,1995
TrabajoA,2987,3902958,3904954,1996
TrabajoB,2988,3904954,3906948,1994
TrabajoA,2989,3906948,3908950,2002
TrabajoB,2990,3908950,3910084,1134
TrabajoA,2991,3910084,3911114,1030
TrabajoB,2992,3911114,3912205,1091
TrabajoA,2993,3912205,3913241,1036
TrabajoB,2994,3913241,3914278,1037
TrabajoA,2995,3914278,3915316,1038
TrabajoB,2996,3915316,3916353,1037
TrabajoA,2997,3916353,3917390,1037
TrabajoB,2998,3917390,3918427,1037
TrabajoA,2999,3918427,3919464,1037
TrabajoB,3000,3919464,3920506,1042
TrabajoA,3001,3920506,3921611,1105
TrabajoB,3002,3921611,3922688,1077
TrabajoA,3003,3922688,3923877,1189
TrabajoB,3004,3923877,3924967,1090
TrabajoA,3005,3924967,3926005,1038
TrabajoB,3006,3926005,3927041,1036
TrabajoA,3007,3927041,3928077,1036
TrabajoB,3008,3928077,3929114,1037
TrabajoA,3009,3929114,3930151,1037
TrabajoB,3010,3930151,3931187,1036
TrabajoA,3011,3931187,3932706,1519
TrabajoB,3012,3932706,3934703,1997
TrabajoA,3013,3934703,3936698,1995
TrabajoB,3014,3936698,3938692,1994
TrabajoA,3015,3938692,3940693,2001
TrabajoB,3016,3940693,3942680,1987
TrabajoA,3017,3942680,3944679,1999
TrabajoB,3018,3944679,3945784,1105
TrabajoA,3019,3945784,3946852,1068
TrabajoB,3020,3946852,3947947,1095
TrabajoA,3021,3947947,3949014,1067
TrabajoB,3022,3949014,3950055,1041
TrabajoA,3023,3950055,3951126,1071
TrabajoB,3024,3951126,3952166,1040
TrabajoA,3025,3952166,3953210,1044
TrabajoB,3026,3953210,3954278,1068
TrabajoA,3027,3954278,3955545,1267
TrabajoB,3028,3955545,3956579,1034
TrabajoA,3029,3956579,3957658,1079
TrabajoB,3030,3957658,3958779,1121
TrabajoA,3031,3958779,3959847,1068
TrabajoB,3032,3959847,3960910,1063
TrabajoA,3033,3960910,3962053,1143
TrabajoB,3034,3962053,3963087,1034
TrabajoA,3035,3963087,3964119,1032
TrabajoB,3036,3964119,3965154,1035
TrabajoA,3037,3965154,3966187,1033
TrabajoB,3038,3966187,3967221,1034
TrabajoA,3039,3967221,3968259,1038
TrabajoB,3040,3968259,3969293,1034
TrabajoA,3041,3969293,3970403,1110
TrabajoB,3042,3970403,3971483,1080
TrabajoA,3043,3971483,3972551,1068
TrabajoB,3044,3972551,3973693,1142
TrabajoA,3045,3973693,3974733,1040
TrabajoB,3046,3974733,3976728,1995
TrabajoA,3047,3976728,3978722,1994
TrabajoB,3048,3978722,3980719,1997
TrabajoA,3049,3980719,3982712,1993
TrabajoB,3050,3982712,3984705,1993
TrabajoA,3051,3984705,3986705,2000
TrabajoB,3052,3986705,3988696,1991
TrabajoA,3053,3988696,3990690,1994
TrabajoB,3054,3990690,3992684,1994
TrabajoA,3055,3992684,3994681,1997
TrabajoB,3056,3994681,3996673,1992
TrabajoA,3057,3996673,3998252,1579
TrabajoB,3058,3998252,3999403,1151
TrabajoA,3059,3999403,4000492,1089
TrabajoB,3060,4000492,4001605,1113
TrabajoA,3061,4001605,4002641,1036
TrabajoB,3062,4002641,4003680,1039
TrabajoA,3063,4003680,4004716,1036
TrabajoB,3064,4004716,4005753,1037
TrabajoA,3065,4005753,4006789,1036
TrabajoB,3066,4006789,4007826,1037
TrabajoA,3067,4007826,4008863,1037
TrabajoB,3068,4008863,4009899,1036
TrabajoA,3069,4009899,4010994,1095
TrabajoB,3070,4010994,4012135,1141
TrabajoA,3071,4012135,4013203,1068
TrabajoB,3072,4013203,4014245,1042
TrabajoA,3073,4014245,4015278,1033
TrabajoB,3074,4015278,4016312,1034
TrabajoA,3075,4016312,4017375,1063
TrabajoB,3076,4017375,4018411,1036
TrabajoA,3077,4018411,4019448,1037
TrabajoB,3078,4019448,4020490,1042
TrabajoA,3079,4020490,4021553,1063
TrabajoB,3080,4021553,4022643,1090
TrabajoA,3081,4022643,4023732,1089
TrabajoB,3082,4023732,4024848,1116
TrabajoA,3083,4024848,4025911,1063
TrabajoB,3084,4025911,4026947,1036
TrabajoA,3085,4026947,4028947,2000
TrabajoB,3086,4028947,4030448,1501
TrabajoA,3087,4030448,4032445,1997
TrabajoB,3088,4032445,4034438,1993
TrabajoA,3089,4034438,4036432,1994
TrabajoB,3090,4036432,4038430,1998
TrabajoA,3091,4038430,4040423,1993
TrabajoB,3092,4040423,4042416,1993
TrabajoA,3093,4042416,4044411,1995
TrabajoB,3094,4044411,4046405,1994
TrabajoA,3095,4046405,4048410,2005
TrabajoB,3096,4048410,4050008,1598
TrabajoA,3097,4050008,4051044,1036
TrabajoB,3098,4051044,4052112,1068
TrabajoA,3099,4052112,4053197,1085
TrabajoB,3100,4053197,4054250,1053
TrabajoA,3101,4054250,4055290,1040
TrabajoB,3102,4055290,4056323,1033
TrabajoA,3103,4056323,4057372,1049
TrabajoB,3104,4057372,4058401,1029
TrabajoA,3105,4058401,4059457,1056
TrabajoB,3106,4059457,4060489,1032
TrabajoA,3107,4060489,4061604,1115
TrabajoB,3108,4061604,4062667,1063
TrabajoA,3109,4062667,4063751,1084
TrabajoB,3110,4063751,4064815,1064
TrabajoA,3111,4064815,4065848,1033
TrabajoB,3112,4065848,4066883,1035
TrabajoA,3113,4066883,4067917,1034
TrabajoB,3114,4067917,4068952,1035
TrabajoA,3115,4068952,4069987,1035
TrabajoB,3116,4069987,4071074,1087
TrabajoA,3117,4071074,4072100,1026
TrabajoB,3118,4072100,4073180,1080
TrabajoA,3119,4073180,4074294,1114
TrabajoB,3120,4074294,4075383,1089
TrabajoA,3121,4075383,4076419,1036
TrabajoB,3122,4076419,4077524,1105
TrabajoA,3123,4077524,4079060,1536
TrabajoB,3124,4079060,4080546,1486
TrabajoA,3125,4080546,4082541,1995
TrabajoB,3126,4082541,4084536,1995
TrabajoA,3127,4084536,4086530,1994
TrabajoB,3128,4086530,4088528,1998
TrabajoA,3129,4088528,4090521,1993
TrabajoB,3130,4090521,4092514,1993
TrabajoA,3131,4092514,4094512,1998
TrabajoB,3132,4094512,4096505,1993
TrabajoA,3133,4096505,4098497,1992
TrabajoB,3134,4098497,4100492,1995
TrabajoA,3135,4100492,4101565,1073
TrabajoB,3136,4101565,4102659,1094
TrabajoA,3137,4102659,4103764,1105
TrabajoB,3138,4103764,4104811,1047
TrabajoA,3139,4104811,4105850,1039
TrabajoB,3140,4105850,4106893,1043
TrabajoA,3141,4106893,4107933,1040
TrabajoB,3142,4107933,4108973,1040
TrabajoA,3143,4108973,4110116,1143
TrabajoB,3144,4110116,4111635,1519
TrabajoA,3145,4111635,4112680,1045
TrabajoB,3146,4112680,4113808,1128
TrabajoA,3147,4113808,4114950,1142
TrabajoB,3148,4114950,4115978,1028
TrabajoA,3149,4115978,4117039,1061
TrabajoB,3150,4117039,4118105,1066
TrabajoA,3151,4118105,4119153,1048
TrabajoB,3152,4119153,4120191,1038
TrabajoA,3153,4120191,4121228,1037
TrabajoB,3154,4121228,4122265,1037
TrabajoA,3155,4122265,4123302,1037
TrabajoB,3156,4123302,4124362,1060
TrabajoA,3157,4124362,4125507,1145
TrabajoB,3158,4125507,4126567,1060
TrabajoA,3159,4126567,4127648,1081
TrabajoB,3160,4127648,4128774,1126
TrabajoA,3161,4128774,4129845,1071
TrabajoB,3162,4129845,4131360,1515
TrabajoA,3163,4131360,4132861,1501
TrabajoB,3164,4132861,4134858,1997
TrabajoA,3165,4134858,4136853,1995
TrabajoB,3166,4136853,4138847,1994
TrabajoA,3167,4138847,4140845,1998
TrabajoB,3168,4140845,4142838,1993
TrabajoA,3169,4142838,4144830,1992
TrabajoB,3170,4144830,4146825,1995
TrabajoA,3171,4146825,4148823,1998
TrabajoB,3172,4148823,4150814,1991
TrabajoA,3173,4150814,4152809,1995
TrabajoB,3174,4152809,4153933,1124
TrabajoA,3175,4153933,4155040,1107
TrabajoB,3176,4155040,4156132,1092
TrabajoA,3177,4156132,4157163,1031
TrabajoB,3178,4157163,4158198,1035
TrabajoA,3179,4158198,4159233,1035
TrabajoB,3180,4159233,4160268,1035
TrabajoA,3181,4160268,4161303,1035
TrabajoB,3182,4161303,4162338,1035
TrabajoA,3183,4162338,4163376,1038
TrabajoB,3184,4163376,4164468,1092
TrabajoA,3185,4164468,4165583,1115
TrabajoB,3186,4165583,4166665,1082
TrabajoA,3187,4166665,4167722,1057
TrabajoB,3188,4167722,4168753,1031
TrabajoA,3189,4168753,4169785,1032
TrabajoB,3190,4169785,4170881,1096
TrabajoA,3191,4170881,4171929,1048
TrabajoB,3192,4171929,4172957,1028
TrabajoA,3193,4172957,4174004,1047
TrabajoB,3194,4174004,4175031,1027
TrabajoA,3195,4175031,4176061,1030
TrabajoB,3196,4176061,4177230,1169
TrabajoA,3197,4177230,4178350,1120
TrabajoB,3198,4178350,4179422,1072
TrabajoA,3199,4179422,4180457,1035
TrabajoB,3200,4180457,4181494,1037
TrabajoA,3201,4181494,4183013,1519
TrabajoB,3202,4183013,4184514,1501
TrabajoA,3203,4184514,4186517,2003
TrabajoB,3204,4186517,4188511,1994
TrabajoA,3205,4188511,4190502,1991
TrabajoB,3206,4190502,4192496,1994
TrabajoA,3207,4192496,4194092,1596
TrabajoB,3208,4194092,4195126,1034
TrabajoA,3209,4195126,4196217,1091
TrabajoB,3210,4196217,4197343,1126
TrabajoA,3211,4197343,4198382,1039
TrabajoB,3212,4198382,4199435,1053
TrabajoA,3213,4199435,4200455,1020
TrabajoB,3214,4200455,4201541,1086
TrabajoA,3215,4201541,4202567,1026
TrabajoB,3216,4202567,4203596,1029
TrabajoA,3217,4203596,4204629,1033
TrabajoB,3218,4204629,4205655,1026
TrabajoA,3219,4205655,4206787,1132
TrabajoB,3220,4206787,4207823,1036
TrabajoA,3221,4207823,4208915,1092
TrabajoB,3222,4208915,4209978,1063
TrabajoA,3223,4209978,4211067,1089
TrabajoB,3224,4211067,4212104,1037
TrabajoA,3225,4212104,4213140,1036
TrabajoB,3226,4213140,4214178,1038
TrabajoA,3227,4214178,4215213,1035
TrabajoB,3228,4215213,4216323,1110
TrabajoA,3229,4216323,4217352,1029
TrabajoB,3230,4217352,4218451,1099
TrabajoA,3231,4218451,4219512,1061
TrabajoB,3232,4219512,4220548,1036
TrabajoA,3233,4220548,4221622,1074
TrabajoB,3234,4221622,4222655,1033
TrabajoA,3235,4222655,4224654,1999
TrabajoB,3236,4224654,4226647,1993
TrabajoA,3237,4226647,4228641,1994
TrabajoB,3238,4228641,4230637,1996
TrabajoA,3239,4230637,4232634,1997
TrabajoB,3240,4232634,4234626,1992
TrabajoA,3241,4234626,4236620,1994
TrabajoB,3242,4236620,4238620,2000
TrabajoA,3243,4238620,4240609,1989
TrabajoB,3244,4240609,4242604,1995
TrabajoA,3245,4242604,4244598,1994
TrabajoB,3246,4244598,4246173,1575
TrabajoA,3247,4246173,4247369,1196
TrabajoB,3248,4247369,4248462,1093
TrabajoA,3249,4248462,4249499,1037
TrabajoB,3250,4249499,4250536,1037
TrabajoA,3251,4250536,4251573,1037
TrabajoB,3252,4251573,4252608,1035
TrabajoA,3253,4252608,4253667,1059
TrabajoB,3254,4253667,4254707,1040
TrabajoA,3255,4254707,4255736,1029
TrabajoB,3256,4255736,4256771,1035
TrabajoA,3257,4256771,4257806,1035
TrabajoB,3258,4257806,4258877,1071
TrabajoA,3259,4258877,4260022,1145
TrabajoB,3260,4260022,4261135,1113
TrabajoA,3261,4261135,4262198,1063
TrabajoB,3262,4262198,4263270,1072
TrabajoA,3263,4263270,4264303,1033
TrabajoB,3264,4264303,4265337,1034
TrabajoA,3265,4265337,4266372,1035
TrabajoB,3266,4266372,4267406,1034
TrabajoA,3267,4267406,4268446,1040
TrabajoB,3268,4268446,4269481,1035
TrabajoA,3269,4269481,4270547,1066
TrabajoB,3270,4270547,4271638,1091
TrabajoA,3271,4271638,4272700,1062
TrabajoB,3272,4272700,4273762,1062
TrabajoA,3273,4273762,4274875,1113
TrabajoB,3274,4274875,4276872,1997
TrabajoA,3275,4276872,4278378,1506
TrabajoB,3276,4278378,4280371,1993
TrabajoA,3277,4280371,4282365,1994
TrabajoB,3278,4282365,4284359,1994
TrabajoA,3279,4284359,4286354,1995
TrabajoB,3280,4286354,4288352,1998
TrabajoA,3281,4288352,4290343,1991
TrabajoB,3282,4290343,4292338,1995
TrabajoA,3283,4292338,4294335,1997
TrabajoB,3284,4294335,4296327,1992
TrabajoA,3285,4296327,4297913,1586
TrabajoB,3286,4297913,4299017,1104
TrabajoA,3287,4299017,4300113,1096
TrabajoB,3288,4300113,4301151,1038
TrabajoA,3289,4301151,4302191,1040
TrabajoB,3290,4302191,4303232,1041
TrabajoA,3291,4303232,4304279,1047
TrabajoB,3292,4304279,4305313,1034
TrabajoA,3293,4305313,4306353,1040
TrabajoB,3294,4306353,4307393,1040
TrabajoA,3295,4307393,4308433,1040
TrabajoB,3296,4308433,4309595,1162
TrabajoA,3297,4309595,4310615,1020
TrabajoB,3298,4310615,4311671,1056
TrabajoA,3299,4311671,4312766,1095
TrabajoB,3300,4312766,4313834,1068
TrabajoA,3301,4313834,4314870,1036
TrabajoB,3302,4314870,4315907,1037
TrabajoA,3303,4315907,4316944,1037
TrabajoB,3304,4316944,4317981,1037
TrabajoA,3305,4317981,4319018,1037
TrabajoB,3306,4319018,4320054,1036
TrabajoA,3307,4320054,4321147,1093
TrabajoB,3308,4321147,4322261,1114
TrabajoA,3309,4322261,4323294,1033
TrabajoB,3310,4323294,4324421,1127
TrabajoA,3311,4324421,4325485,1064
TrabajoB,3312,4325485,4326522,1037
TrabajoA,3313,4326522,4328522,2000
TrabajoB,3314,4328522,4330023,1501
TrabajoA,3315,4330023,4332018,1995
TrabajoB,3316,4332018,4334014,1996
TrabajoA,3317,4334014,4336007,1993
TrabajoB,3318,4336007,4338003,1996
TrabajoA,3319,4338003,4340007,2004
TrabajoB,3320,4340007,4341997,1990
TrabajoA,3321,4341997,4343990,1993
TrabajoB,3322,4343990,4345981,1991
TrabajoA,3323,4345981,4347975,1994
TrabajoB,3324,4347975,4349971,1996
TrabajoA,3325,4349971,4351009,1038
TrabajoB,3326,4351009,4352110,1101
TrabajoA,3327,4352110,4353201,1091
TrabajoB,3328,4353201,4354253,1052
TrabajoA,3329,4354253,4355429,1176
TrabajoB,3330,4355429,4356478,1049
TrabajoA,3331,4356478,4357514,1036
TrabajoB,3332,4357514,4358547,1033
TrabajoA,3333,4358547,4359616,1069
TrabajoB,3334,4359616,4360719,1103
TrabajoA,3335,4360719,4362335,1616
TrabajoB,3336,4362335,4364159,1824
TrabajoA,3337,4364159,4366155,1996
TrabajoB,3338,4366155,4368149,1994
TrabajoA,3339,4368149,4369663,1514
TrabajoB,3340,4369663,4370979,1316
TrabajoA,3341,4370979,4372006,1027
TrabajoB,3342,4372006,4373044,1038
TrabajoA,3343,4373044,4374153,1109
TrabajoB,3344,4374153,4375245,1092
TrabajoA,3345,4375245,4376307,1062
TrabajoB,3346,4376307,4377344,1037
TrabajoA,3347,4377344,4378377,1033
TrabajoB,3348,4378377,4379412,1035
TrabajoA,3349,4379412,4380520,1108
TrabajoB,3350,4380520,4381592,1072
TrabajoA,3351,4381592,4382687,1095
TrabajoB,3352,4382687,4383724,1037
TrabajoA,3353,4383724,4384760,1036
TrabajoB,3354,4384760,4385862,1102
TrabajoA,3355,4385862,4387442,1580
TrabajoB,3356,4387442,4388940,1498
TrabajoA,3357,4388940,4390939,1999
TrabajoB,3358,4390939,4392933,1994
TrabajoA,3359,4392933,4394930,1997
TrabajoB,3360,4394930,4396923,1993
TrabajoA,3361,4396923,4398921,1998
TrabajoB,3362,4398921,4400917,1996
TrabajoA,3363,4400917,4402912,1995
TrabajoB,3364,4402912,4404904,1992
TrabajoA,3365,4404904,4406897,1993
TrabajoB,3366,4406897,4408892,1995
TrabajoA,3367,4408892,4410886,1994
TrabajoB,3368,4410886,4412441,1555
TrabajoA,3369,4412441,4413475,1034
TrabajoB,3370,4413475,4414505,1030
TrabajoA,3371,4414505,4415538,1033
TrabajoB,3372,4415538,4416675,1137
TrabajoA,3373,4416675,4417709,1034
TrabajoB,3374,4417709,4418767,1058
TrabajoA,3375,4418767,4419830,1063
TrabajoB,3376,4419830,4420892,1062
TrabajoA,3377,4420892,4421922,1030
TrabajoB,3378,4421922,4423044,1122
TrabajoA,3379,4423044,4424137,1093
TrabajoB,3380,4424137,4425200,1063
TrabajoA,3381,4425200,4426289,1089
TrabajoB,3382,4426289,4427332,1043
TrabajoA,3383,4427332,4428364,1032
TrabajoB,3384,4428364,4429397,1033
TrabajoA,3385,4429397,4430436,1039
TrabajoB,3386,4430436,4431505,1069
TrabajoA,3387,4431505,4432776,1271
TrabajoB,3388,4432776,4433823,1047
TrabajoA,3389,4433823,4434858,1035
TrabajoB,3390,4434858,4435959,1101
TrabajoA,3391,4435959,4437025,1066
TrabajoB,3392,4437025,4438122,1097
TrabajoA,3393,4438122,4439218,1096
TrabajoB,3394,4439218,4440774,1556
TrabajoA,3395,4440774,4442766,1992
TrabajoB,3396,4442766,4444757,1991
TrabajoA,3397,4444757,4446761,2004
TrabajoB,3398,4446761,4448760,1999
TrabajoA,3399,4448760,4450744,1984
TrabajoB,3400,4450744,4452737,1993
TrabajoA,3401,4452737,4454737,2000
TrabajoB,3402,4454737,4456727,1990
TrabajoA,3403,4456727,4458720,1993
TrabajoB,3404,4458720,4460715,1995
TrabajoA,3405,4460715,4462704,1989
TrabajoB,3406,4462704,4464701,1997
TrabajoA,3407,4464701,4465792,1091
TrabajoB,3408,4465792,4466821,1029
TrabajoA,3409,4466821,4467852,1031
TrabajoB,3410,4467852,4468883,1031
TrabajoA,3411,4468883,4469916,1033
TrabajoB,3412,4469916,4470959,1043
TrabajoA,3413,4470959,4471988,1029
TrabajoB,3414,4471988,4473021,1033
TrabajoA,3415,4473021,4474113,1092
TrabajoB,3416,4474113,4475200,1087
TrabajoA,3417,4475200,4476284,1084
TrabajoB,3418,4476284,4477342,1058
TrabajoA,3419,4477342,4478467,1125
TrabajoB,3420,4478467,4479494,1027
TrabajoA,3421,4479494,4480520,1026
TrabajoB,3422,4480520,4481553,1033
TrabajoA,3423,4481553,4482583,1030
TrabajoB,3424,4482583,4483616,1033
TrabajoA,3425,4483616,4484648,1032
TrabajoB,3426,4484648,4485710,1062
TrabajoA,3427,4485710,4486766,1056
TrabajoB,3428,4486766,4487842,1076
TrabajoA,3429,4487842,4488899,1057
TrabajoB,3430,4488899,4489931,1032
TrabajoA,3431,4489931,4491018,1087
TrabajoB,3432,4491018,4492050,1032
TrabajoA,3433,4492050,4493566,1516
TrabajoB,3434,4493566,4495560,1994
TrabajoA,3435,4495560,4497553,1993
TrabajoB,3436,4497553,4499549,1996
TrabajoA,3437,4499549,4501542,1993
TrabajoB,3438,4501542,4503538,1996
TrabajoA,3439,4503538,4505535,1997
TrabajoB,3440,4505535,4507528,1993
TrabajoA,3441,4507528,4509522,1994
TrabajoB,3442,4509522,4511517,1995
TrabajoA,3443,4511517,4513511,1994
TrabajoB,3444,4513511,4515505,1994
TrabajoA,3445,4515505,4516570,1065
TrabajoB,3446,4516570,4517678,1108
TrabajoA,3447,4517678,4518764,1086
TrabajoB,3448,4518764,4519797,1033
TrabajoA,3449,4519797,4520830,1033
TrabajoB,3450,4520830,4521860,1030
TrabajoA,3451,4521860,4522891,1031
TrabajoB,3452,4522891,4523938,1047
TrabajoA,3453,4523938,4524974,1036
TrabajoB,3454,4524974,4526095,1121
TrabajoA,3455,4526095,4527127,1032
TrabajoB,3456,4527127,4528232,1105
TrabajoA,3457,4528232,4529293,1061
TrabajoB,3458,4529293,4530328,1035
TrabajoA,3459,4530328,4531430,1102
TrabajoB,3460,4531430,4532543,1113
TrabajoA,3461,4532543,4533580,1037
TrabajoB,3462,4533580,4534616,1036
TrabajoA,3463,4534616,4535653,1037
TrabajoB,3464,4535653,4536690,1037
TrabajoA,3465,4536690,4537729,1039
TrabajoB,3466,4537729,4538797,1068
TrabajoA,3467,4538797,4539915,1118
TrabajoB,3468,4539915,4541151,1236
TrabajoA,3469,4541151,4542188,1037
TrabajoB,3470,4542188,4543226,1038
TrabajoA,3471,4543226,4544292,1066
TrabajoB,3472,4544292,4545865,1573
TrabajoA,3473,4545865,4547366,1501
TrabajoB,3474,4547366,4549363,1997
TrabajoA,3475,4549363,4551357,1994
TrabajoB,3476,4551357,4553354,1997
TrabajoA,3477,4553354,4555358,2004
TrabajoB,3478,4555358,4557344,1986
TrabajoA,3479,4557344,4559336,1992
TrabajoB,3480,4559336,4561331,1995
TrabajoA,3481,4561331,4563325,1994
TrabajoB,3482,4563325,4565319,1994
TrabajoA,3483,4565319,4567315,1996
TrabajoB,3484,4567315,4568462,1147
TrabajoA,3485,4568462,4569538,1076
TrabajoB,3486,4569538,4570585,1047
TrabajoA,3487,4570585,4571626,1041
TrabajoB,3488,4571626,4572693,1067
TrabajoA,3489,4572693,4573717,1024
TrabajoB,3490,4573717,4574747,1030
TrabajoA,3491,4574747,4575779,1032
TrabajoB,3492,4575779,4576812,1033
TrabajoA,3493,4576812,4577843,1031
TrabajoB,3494,4577843,4578908,1065
TrabajoA,3495,4578908,4580043,1135
TrabajoB,3496,4580043,4581102,1059
TrabajoA,3497,4581102,4582162,1060
TrabajoB,3498,4582162,4583195,1033
TrabajoA,3499,4583195,4584230,1035
TrabajoB,3500,4584230,4585261,1031
TrabajoA,3501,4585261,4586293,1032
TrabajoB,3502,4586293,4587364,1071
TrabajoA,3503,4587364,4588395,1031
TrabajoB,3504,4588395,4589445,1050
TrabajoA,3505,4589445,4590507,1062
TrabajoB,3506,4590507,4591570,1063
TrabajoA,3507,4591570,4592658,1088
TrabajoB,3508,4592658,4593722,1064
TrabajoA,3509,4593722,4594757,1035
TrabajoB,3510,4594757,4595848,1091
TrabajoA,3511,4595848,4597392,1544
TrabajoB,3512,4597392,4598893,1501
TrabajoA,3513,4598893,4600889,1996
TrabajoB,3514,4600889,4602886,1997
TrabajoA,3515,4602886,4604883,1997
TrabajoB,3516,4604883,4606874,1991
TrabajoA,3517,4606874,4608870,1996
TrabajoB,3518,4608870,4610863,1993
TrabajoA,3519,4610863,4612858,1995
TrabajoB,3520,4612858,4614853,1995
TrabajoA,3521,4614853,4616847,1994
TrabajoB,3522,4616847,4618843,1996
TrabajoA,3523,4618843,4619997,1154
TrabajoB,3524,4619997,4621087,1090
TrabajoA,3525,4621087,4622202,1115
TrabajoB,3526,4622202,4623266,1064
TrabajoA,3527,4623266,4624302,1036
TrabajoB,3528,4624302,4625338,1036
TrabajoA,3529,4625338,4626376,1038
TrabajoB,3530,4626376,4627412,1036
TrabajoA,3531,4627412,4628453,1041
TrabajoB,3532,4628453,4629499,1046
TrabajoA,3533,4629499,4630536,1037
TrabajoB,3534,4630536,4631573,1037
TrabajoA,3535,4631573,4632663,1090
TrabajoB,3536,4632663,4633779,1116
TrabajoA,3537,4633779,4634884,1105
TrabajoB,3538,4634884,4635988,1104
TrabajoA,3539,4635988,4637029,1041
TrabajoB,3540,4637029,4638061,1032
TrabajoA,3541,4638061,4639093,1032
TrabajoB,3542,4639093,4640128,1035
TrabajoA,3543,4640128,4641163,1035
TrabajoB,3544,4641163,4642197,1034
TrabajoA,3545,4642197,4643235,1038
TrabajoB,3546,4643235,4644323,1088
TrabajoA,3547,4644323,4645435,1112
TrabajoB,3548,4645435,4646497,1062
TrabajoA,3549,4646497,4647613,1116
TrabajoB,3550,4647613,4649157,1544
TrabajoA,3551,4649157,4650669,1512
TrabajoB,3552,4650669,4652666,1997
TrabajoA,3553,4652666,4654659,1993
TrabajoB,3554,4654659,4656648,1989
TrabajoA,3555,4656648,4658646,1998
TrabajoB,3556,4658646,4660636,1990
TrabajoA,3557,4660636,4662631,1995
TrabajoB,3558,4662631,4664625,1994
TrabajoA,3559,4664625,4666627,2002
TrabajoB,3560,4666627,4668616,1989
TrabajoA,3561,4668616,4670615,1999
TrabajoB,3562,4670615,4671784,1169
TrabajoA,3563,4671784,4672872,1088
TrabajoB,3564,4672872,4673951,1079
TrabajoA,3565,4673951,4674988,1037
TrabajoB,3566,4674988,4676043,1055
TrabajoA,3567,4676043,4677074,1031
TrabajoB,3568,4677074,4678109,1035
TrabajoA,3569,4678109,4679152,1043
TrabajoB,3570,4679152,4680184,1032
TrabajoA,3571,4680184,4681211,1027
TrabajoB,3572,4681211,4682275,1064
TrabajoA,3573,4682275,4683338,1063
TrabajoB,3574,4683338,4684481,1143
TrabajoA,3575,4684481,4685563,1082
TrabajoB,3576,4685563,4686595,1032
TrabajoA,3577,4686595,4687628,1033
TrabajoB,3578,4687628,4688674,1046
TrabajoA,3579,4688674,4689705,1031
TrabajoB,3580,4689705,4690737,1032
TrabajoA,3581,4690737,4691769,1032
TrabajoB,3582,4691769,4692800,1031
TrabajoA,3583,4692800,4693831,1031
TrabajoB,3584,4693831,4694863,1032
TrabajoA,3585,4694863,4695952,1089
TrabajoB,3586,4695952,4697119,1167
TrabajoA,3587,4697119,4698154,1035
TrabajoB,3588,4698154,4699184,1030
TrabajoA,3589,4699184,4700700,1516
TrabajoB,3590,4700700,4702207,1507
TrabajoA,3591,4702207,4704204,1997
TrabajoB,3592,4704204,4706194,1990
TrabajoA,3593,4706194,4708187,1993
TrabajoB,3594,4708187,4710184,1997
TrabajoA,3595,4710184,4712178,1994
TrabajoB,3596,4712178,4713476,1298
TrabajoA,3597,4713476,4714559,1083
TrabajoB,3598,4714559,4715589,1030
TrabajoA,3599,4715589,4716622,1033
TrabajoB,3600,4716622,4717655,1033
TrabajoA,3601,4717655,4718693,1038
TrabajoB,3602,4718693,4719727,1034
TrabajoA,3603,4719727,4720762,1035
TrabajoB,3604,4720762,4721795,1033
TrabajoA,3605,4721795,4722828,1033
TrabajoB,3606,4722828,4723862,1034
TrabajoA,3607,4723862,4724952,1090
TrabajoB,3608,4724952,4726043,1091
TrabajoA,3609,4726043,4727129,1086
TrabajoB,3610,4727129,4728187,1058
TrabajoA,3611,4728187,4729222,1035
TrabajoB,3612,4729222,4730259,1037
TrabajoA,3613,4730259,4731296,1037
TrabajoB,3614,4731296,4732333,1037
TrabajoA,3615,4732333,4733373,1040
TrabajoB,3616,4733373,4734419,1046
TrabajoA,3617,4734419,4735456,1037
TrabajoB,3618,4735456,4736547,1091
TrabajoA,3619,4736547,4737613,1066
TrabajoB,3620,4737613,4738647,1034
TrabajoA,3621,4738647,4739797,1150
TrabajoB,3622,4739797,4740861,1064
TrabajoA,3623,4740861,4741893,1032
TrabajoB,3624,4741893,4743900,2007
TrabajoA,3625,4743900,4745889,1989
TrabajoB,3626,4745889,4747880,1991
TrabajoA,3627,4747880,4749875,1995
TrabajoB,3628,4749875,4751869,1994
TrabajoA,3629,4751869,4753871,2002
TrabajoB,3630,4753871,4755863,1992
TrabajoA,3631,4755863,4757853,1990
TrabajoB,3632,4757853,4759850,1997
TrabajoA,3633,4759850,4761842,1992
TrabajoB,3634,4761842,4763839,1997
TrabajoA,3635,4763839,4765394,1555
TrabajoB,3636,4765394,4766557,1163
TrabajoA,3637,4766557,4767593,1036
TrabajoB,3638,4767593,4768628,1035
TrabajoA,3639,4768628,4769662,1034
TrabajoB,3640,4769662,4770912,1250
TrabajoA,3641,4770912,4771943,1031
TrabajoB,3642,4771943,4772989,1046
TrabajoA,3643,4772989,4774021,1032
TrabajoB,3644,4774021,4775120,1099
TrabajoA,3645,4775120,4776164,1044
TrabajoB,3646,4776164,4777196,1032
TrabajoA,3647,4777196,4778355,1159
TrabajoB,3648,4778355,4779456,1101
TrabajoA,3649,4779456,4780573,1117
TrabajoB,3650,4780573,4781606,1033
TrabajoA,3651,4781606,4782640,1034
TrabajoB,3652,4782640,4783673,1033
TrabajoA,3653,4783673,4784707,1034
TrabajoB,3654,4784707,4785741,1034
TrabajoA,3655,4785741,4786775,1034
TrabajoB,3656,4786775,4787811,1036
TrabajoA,3657,4787811,4788845,1034
TrabajoB,3658,4788845,4789959,1114
TrabajoA,3659,4789959,4791086,1127
TrabajoB,3660,4791086,4792164,1078
TrabajoA,3661,4792164,4793201,1037
TrabajoB,3662,4793201,4794246,1045
TrabajoA,3663,4794246,4796243,1997
TrabajoB,3664,4796243,4797747,1504
TrabajoA,3665,4797747,4799742,1995
TrabajoB,3666,4799742,4801737,1995
TrabajoA,3667,4801737,4803733,1996
TrabajoB,3668,4803733,4805729,1996
TrabajoA,3669,4805729,4806820,1091
TrabajoB,3670,4806820,4807930,1110
TrabajoA,3671,4807930,4809097,1167
TrabajoB,3672,4809097,4810133,1036
TrabajoA,3673,4810133,4811170,1037
TrabajoB,3674,4811170,4812210,1040
TrabajoA,3675,4812210,4813246,1036
TrabajoB,3676,4813246,4814284,1038
TrabajoA,3677,4814284,4815321,1037
TrabajoB,3678,4815321,4816359,1038
TrabajoA,3679,4816359,4817395,1036
TrabajoB,3680,4817395,4818488,1093
TrabajoA,3681,4818488,4819525,1037
TrabajoB,3682,4819525,4820623,1098
TrabajoA,3683,4820623,4821714,1091
TrabajoB,3684,4821714,4822826,1112
TrabajoA,3685,4822826,4823866,1040
TrabajoB,3686,4823866,4824903,1037
TrabajoA,3687,4824903,4825940,1037
TrabajoB,3688,4825940,4826976,1036
TrabajoA,3689,4826976,4828014,1038
TrabajoB,3690,4828014,4829051,1037
TrabajoA,3691,4829051,4830141,1090
TrabajoB,3692,4830141,4831182,1041
TrabajoA,3693,4831182,4832249,1067
TrabajoB,3694,4832249,4833287,1038
TrabajoA,3695,4833287,4834324,1037
TrabajoB,3696,4834324,4835839,1515
TrabajoA,3697,4835839,4837835,1996
TrabajoB,3698,4837835,4839826,1991
TrabajoA,3699,4839826,4841822,1996
TrabajoB,3700,4841822,4843816,1994
TrabajoA,3701,4843816,4845810,1994
TrabajoB,3702,4845810,4847805,1995
TrabajoA,3703,4847805,4849799,1994
TrabajoB,3704,4849799,4851794,1995
TrabajoA,3705,4851794,4853819,2025
TrabajoB,3706,4853819,4855791,1972
TrabajoA,3707,4855791,4857780,1989
TrabajoB,3708,4857780,4859042,1262
TrabajoA,3709,4859042,4860147,1105
TrabajoB,3710,4860147,4861184,1037
TrabajoA,3711,4861184,4862221,1037
TrabajoB,3712,4862221,4863258,1037
TrabajoA,3713,4863258,4864295,1037
TrabajoB,3714,4864295,4865332,1037
TrabajoA,3715,4865332,4866369,1037
TrabajoB,3716,4866369,4867409,1040
TrabajoA,3717,4867409,4868537,1128
TrabajoB,3718,4868537,4869578,1041
TrabajoA,3719,4869578,4870650,1072
TrabajoB,3720,4870650,4871779,1129
TrabajoA,3721,4871779,4872869,1090
TrabajoB,3722,4872869,4873938,1069
TrabajoA,3723,4873938,4874969,1031
TrabajoB,3724,4874969,4876003,1034
TrabajoA,3725,4876003,4877038,1035
TrabajoB,3726,4877038,4878074,1036
TrabajoA,3727,4878074,4879109,1035
TrabajoB,3728,4879109,4880144,1035
TrabajoA,3729,4880144,4881181,1037
TrabajoB,3730,4881181,4882245,1064
TrabajoA,3731,4882245,4883378,1133
TrabajoB,3732,4883378,4884470,1092
TrabajoA,3733,4884470,4885496,1026
TrabajoB,3734,4885496,4886586,1090
TrabajoA,3735,4886586,4888107,1521
TrabajoB,3736,4888107,4889606,1499
TrabajoA,3737,4889606,4891603,1997
TrabajoB,3738,4891603,4893597,1994
TrabajoA,3739,4893597,4895592,1995
TrabajoB,3740,4895592,4897586,1994
TrabajoA,3741,4897586,4899586,2000
TrabajoB,3742,4899586,4900746,1160
TrabajoA,3743,4900746,4901830,1084
TrabajoB,3744,4901830,4902864,1034
TrabajoA,3745,4902864,4903900,1036
TrabajoB,3746,4903900,4904934,1034
TrabajoA,3747,4904934,4905969,1035
TrabajoB,3748,4905969,4907003,1034
TrabajoA,3749,4907003,4908037,1034
TrabajoB,3750,4908037,4909074,1037
TrabajoA,3751,4909074,4910104,1030
TrabajoB,3752,4910104,4911141,1037
TrabajoA,3753,4911141,4912175,1034
TrabajoB,3754,4912175,4913284,1109
TrabajoA,3755,4913284,4914396,1112
TrabajoB,3756,4914396,4915420,1024
TrabajoA,3757,4915420,4916451,1031
TrabajoB,3758,4916451,4917484,1033
TrabajoA,3759,4917484,4918514,1030
TrabajoB,3760,4918514,4919546,1032
TrabajoA,3761,4919546,4920578,1032
TrabajoB,3762,4920578,4921610,1032
TrabajoA,3763,4921610,4922641,1031
TrabajoB,3764,4922641,4923704,1063
TrabajoA,3765,4923704,4924970,1266
TrabajoB,3766,4924970,4926057,1087
TrabajoA,3767,4926057,4927088,1031
TrabajoB,3768,4927088,4928606,1518
TrabajoA,3769,4928606,4930109,1503
TrabajoB,3770,4930109,4932102,1993
TrabajoA,3771,4932102,4934097,1995
TrabajoB,3772,4934097,4936092,1995
TrabajoA,3773,4936092,4938087,1995
TrabajoB,3774,4938087,4940083,1996
TrabajoA,3775,4940083,4942075,1992
TrabajoB,3776,4942075,4944070,1995
TrabajoA,3777,4944070,4946077,2007
TrabajoB,3778,4946077,4948065,1988
TrabajoA,3779,4948065,4950055,1990
TrabajoB,3780,4950055,4951137,1082
TrabajoA,3781,4951137,4952174,1037
TrabajoB,3782,4952174,4953242,1068
TrabajoA,3783,4953242,4954297,1055
TrabajoB,3784,4954297,4955330,1033
TrabajoA,3785,4955330,4956358,1028
TrabajoB,3786,4956358,4957408,1050
TrabajoA,3787,4957408,4958456,1048
TrabajoB,3788,4958456,4959490,1034
TrabajoA,3789,4959490,4960526,1036
TrabajoB,3790,4960526,4961667,1141
TrabajoA,3791,4961667,4962724,1057
TrabajoB,3792,4962724,4963810,1086
TrabajoA,3793,4963810,4964866,1056
TrabajoB,3794,4964866,4965927,1061
TrabajoA,3795,4965927,4966960,1033
TrabajoB,3796,4966960,4967993,1033
TrabajoA,3797,4967993,4969027,1034
TrabajoB,3798,4969027,4970061,1034
TrabajoA,3799,4970061,4971103,1042
TrabajoB,3800,4971103,4972170,1067
TrabajoA,3801,4972170,4973240,1070
TrabajoB,3802,4973240,4974286,1046
TrabajoA,3803,4974286,4975374,1088
TrabajoB,3804,4975374,4976516,1142
TrabajoA,3805,4976516,4977609,1093
TrabajoB,3806,4977609,4978646,1037
TrabajoA,3807,4978646,4980165,1519
TrabajoB,3808,4980165,4981667,1502
TrabajoA,3809,4981667,4983664,1997
TrabajoB,3810,4983664,4985659,1995
TrabajoA,3811,4985659,4987659,2000
TrabajoB,3812,4987659,4989648,1989
TrabajoA,3813,4989648,4991219,1571
TrabajoB,3814,4991219,4992443,1224
TrabajoA,3815,4992443,4993529,1086
TrabajoB,3816,4993529,4994560,1031
TrabajoA,3817,4994560,4995594,1034
TrabajoB,3818,4995594,4996628,1034
TrabajoA,3819,4996628,4997662,1034
TrabajoB,3820,4997662,4998694,1032
TrabajoA,3821,4998694,4999728,1034
TrabajoB,3822,4999728,5000762,1034
TrabajoA,3823,5000762,5001795,1033
TrabajoB,3824,5001795,5002914,1119
TrabajoA,3825,5002914,5004021,1107
TrabajoB,3826,5004021,5005134,1113
TrabajoA,3827,5005134,5006167,1033
TrabajoB,3828,5006167,5007230,1063
TrabajoA,3829,5007230,5008263,1033
TrabajoB,3830,5008263,5009295,1032
TrabajoA,3831,5009295,5010328,1033
TrabajoB,3832,5010328,5011360,1032
TrabajoA,3833,5011360,5012407,1047
TrabajoB,3834,5012407,5013440,1033
TrabajoA,3835,5013440,5014501,1061
TrabajoB,3836,5014501,5015616,1115
TrabajoA,3837,5015616,5016729,1113
TrabajoB,3838,5016729,5017812,1083
TrabajoA,3839,5017812,5018856,1044
TrabajoB,3840,5018856,5019887,1031
TrabajoA,3841,5019887,5021887,2000
TrabajoB,3842,5021887,5023391,1504
TrabajoA,3843,5023391,5025384,1993
TrabajoB,3844,5025384,5027378,1994
TrabajoA,3845,5027378,5029372,1994
TrabajoB,3846,5029372,5031367,1995
TrabajoA,3847,5031367,5032510,1143
TrabajoB,3848,5032510,5033637,1127
TrabajoA,3849,5033637,5034699,1062
TrabajoB,3850,5034699,5035732,1033
TrabajoA,3851,5035732,5036767,1035
TrabajoB,3852,5036767,5037872,1105
TrabajoA,3853,5037872,5038914,1042
TrabajoB,3854,5038914,5039946,1032
TrabajoA,3855,5039946,5040981,1035
TrabajoB,3856,5040981,5042015,1034
TrabajoA,3857,5042015,5043050,1035
TrabajoB,3858,5043050,5044152,1102
TrabajoA,3859,5044152,5045218,1066
TrabajoB,3860,5045218,5046337,1119
TrabajoA,3861,5046337,5047428,1091
TrabajoB,3862,5047428,5048468,1040
TrabajoA,3863,5048468,5049509,1041
TrabajoB,3864,5049509,5050549,1040
TrabajoA,3865,5050549,5051588,1039
TrabajoB,3866,5051588,5052626,1038
TrabajoA,3867,5052626,5053745,1119
TrabajoB,3868,5053745,5054784,1039
TrabajoA,3869,5054784,5055869,1085
TrabajoB,3870,5055869,5057002,1133
TrabajoA,3871,5057002,5058040,1038
TrabajoB,3872,5058040,5059560,1520
TrabajoA,3873,5059560,5060678,1118
TrabajoB,3874,5060678,5061708,1030
TrabajoA,3875,5061708,5063227,1519
TrabajoB,3876,5063227,5064726,1499
TrabajoA,3877,5064726,5066723,1997
TrabajoB,3878,5066723,5067788,1065
TrabajoA,3879,5067788,5069723,1935
TrabajoB,3880,5069723,5071714,1991
TrabajoA,3881,5071714,5073705,1991
TrabajoB,3882,5073705,5075700,1995
TrabajoA,3883,5075700,5077694,1994
TrabajoB,3884,5077694,5079688,1994
TrabajoA,3885,5079688,5081683,1995
TrabajoB,3886,5081683,5083678,1995
TrabajoA,3887,5083678,5085674,1996
TrabajoB,3888,5085674,5087672,1998
TrabajoA,3889,5087672,5089662,1990
TrabajoB,3890,5089662,5091656,1994
TrabajoA,3891,5091656,5093654,1998
TrabajoB,3892,5093654,5095646,1992
TrabajoA,3893,5095646,5096765,1119
TrabajoB,3894,5096765,5097831,1066
TrabajoA,3895,5097831,5098870,1039
TrabajoB,3896,5098870,5099932,1062
TrabajoA,3897,5099932,5100972,1040
TrabajoB,3898,5100972,5102013,1041
TrabajoA,3899,5102013,5103054,1041
TrabajoB,3900,5103054,5104097,1043
TrabajoA,3901,5104097,5105136,1039
TrabajoB,3902,5105136,5106177,1041
TrabajoA,3903,5106177,5107249,1072
TrabajoB,3904,5107249,5108320,1071
TrabajoA,3905,5108320,5109422,1102
TrabajoB,3906,5109422,5110537,1115
TrabajoA,3907,5110537,5111607,1070
TrabajoB,3908,5111607,5112646,1039
TrabajoA,3909,5112646,5113673,1027
TrabajoB,3910,5113673,5114721,1048
TrabajoA,3911,5114721,5115796,1075
TrabajoB,3912,5115796,5116900,1104
TrabajoA,3913,5116900,5118012,1112
TrabajoB,3914,5118012,5119214,1202
TrabajoA,3915,5119214,5120311,1097
TrabajoB,3916,5120311,5121459,1148
TrabajoA,3917,5121459,5122526,1067
TrabajoB,3918,5122526,5123570,1044
TrabajoA,3919,5123570,5124671,1101
TrabajoB,3920,5124671,5126189,1518
TrabajoA,3921,5126189,5127690,1501
TrabajoB,3922,5127690,5129687,1997
TrabajoA,3923,5129687,5131684,1997
TrabajoB,3924,5131684,5133676,1992
TrabajoA,3925,5133676,5135671,1995
TrabajoB,3926,5135671,5137666,1995
TrabajoA,3927,5137666,5139661,1995
TrabajoB,3928,5139661,5141654,1993
TrabajoA,3929,5141654,5143649,1995
TrabajoB,3930,5143649,5145644,1995
TrabajoA,3931,5145644,5147642,1998
TrabajoB,3932,5147642,5148814,1172
TrabajoA,3933,5148814,5149906,1092
TrabajoB,3934,5149906,5150943,1037
TrabajoA,3935,5150943,5151979,1036
TrabajoB,3936,5151979,5153016,1037
TrabajoA,3937,5153016,5154082,1066
TrabajoB,3938,5154082,5155123,1041
TrabajoA,3939,5155123,5156154,1031
TrabajoB,3940,5156154,5157189,1035
TrabajoA,3941,5157189,5158224,1035
TrabajoB,3942,5158224,5159296,1072
TrabajoA,3943,5159296,5160385,1089
TrabajoB,3944,5160385,5161480,1095
TrabajoA,3945,5161480,5162513,1033
TrabajoB,3946,5162513,5163606,1093
TrabajoA,3947,5163606,5164639,1033
TrabajoB,3948,5164639,5165672,1033
TrabajoA,3949,5165672,5166705,1033
TrabajoB,3950,5166705,5167739,1034
TrabajoA,3951,5167739,5168787,1048
TrabajoB,3952,5168787,5169821,1034
TrabajoA,3953,5169821,5170891,1070
TrabajoB,3954,5170891,5171984,1093
TrabajoA,3955,5171984,5173070,1086
TrabajoB,3956,5173070,5174104,1034
TrabajoA,3957,5174104,5175201,1097
TrabajoB,3958,5175201,5176377,1176
TrabajoA,3959,5176377,5177835,1458
TrabajoB,3960,5177835,5179334,1499
TrabajoA,3961,5179334,5181332,1998
TrabajoB,3962,5181332,5183331,1999
TrabajoA,3963,5183331,5185321,1990
TrabajoB,3964,5185321,5187322,2001
TrabajoA,3965,5187322,5188869,1547
TrabajoB,3966,5188869,5189910,1041
TrabajoA,3967,5189910,5191070,1160
TrabajoB,3968,5191070,5192184,1114
TrabajoA,3969,5192184,5193223,1039
TrabajoB,3970,5193223,5194264,1041
TrabajoA,3971,5194264,5195292,1028
TrabajoB,3972,5195292,5196335,1043
TrabajoA,3973,5196335,5197372,1037
TrabajoB,3974,5197372,5198411,1039
TrabajoA,3975,5198411,5199448,1037
TrabajoB,3976,5199448,5200542,1094
TrabajoA,3977,5200542,5201667,1125
TrabajoB,3978,5201667,5202754,1087
TrabajoA,3979,5202754,5203798,1044
TrabajoB,3980,5203798,5204858,1060
TrabajoA,3981,5204858,5205946,1088
TrabajoB,3982,5205946,5206984,1038
TrabajoA,3983,5206984,5208055,1071
TrabajoB,3984,5208055,5209082,1027
TrabajoA,3985,5209082,5210127,1045
TrabajoB,3986,5210127,5211171,1044
TrabajoA,3987,5211171,5212217,1046
TrabajoB,3988,5212217,5213250,1033
TrabajoA,3989,5213250,5214337,1087
TrabajoB,3990,5214337,5215448,1111
TrabajoA,3991,5215448,5216483,1035
TrabajoB,3992,5216483,5217517,1034
TrabajoA,3993,5217517,5219516,1999
TrabajoB,3994,5219516,5221512,1996
TrabajoA,3995,5221512,5223509,1997
TrabajoB,3996,5223509,5225501,1992
TrabajoA,3997,5225501,5227522,2021
TrabajoB,3998,5227522,5229489,1967
TrabajoA,3999,5229489,5231484,1995
TrabajoB,4000,5231484,5232576,1092
TrabajoA,4001,5232576,5233609,1033
TrabajoB,4002,5233609,5234643,1034
TrabajoA,4003,5234643,5235676,1033
TrabajoB,4004,5235676,5236710,1034
TrabajoA,4005,5236710,5237744,1034
TrabajoB,4006,5237744,5238889,1145
TrabajoA,4007,5238889,5239932,1043
TrabajoB,4008,5239932,5240971,1039
TrabajoA,4009,5240971,5242048,1077
TrabajoB,4010,5242048,5243120,1072
TrabajoA,4011,5243120,5244212,1092
TrabajoB,4012,5244212,5245307,1095
TrabajoA,4013,5245307,5246372,1065
TrabajoB,4014,5246372,5247403,1031
TrabajoA,4015,5247403,5248437,1034
TrabajoB,4016,5248437,5249462,1025
TrabajoA,4017,5249462,5251462,2000
TrabajoB,4018,5251462,5253456,1994
TrabajoA,4019,5253456,5254634,1178
TrabajoB,4020,5254634,5255756,1122
TrabajoA,4021,5255756,5256819,1063
TrabajoB,4022,5256819,5257909,1090
TrabajoA,4023,5257909,5258955,1046
TrabajoB,4024,5258955,5259986,1031
TrabajoA,4025,5259986,5261019,1033
TrabajoB,4026,5261019,5262050,1031
TrabajoA,4027,5262050,5264047,1997
TrabajoB,4028,5264047,5265549,1502
TrabajoA,4029,5265549,5267545,1996
TrabajoB,4030,5267545,5269541,1996
TrabajoA,4031,5269541,5271537,1996
TrabajoB,4032,5271537,5273533,1996
TrabajoA,4033,5273533,5274604,1071
TrabajoB,4034,5274604,5275659,1055
TrabajoA,4035,5275659,5276715,1056
TrabajoB,4036,5276715,5277746,1031
TrabajoA,4037,5277746,5278778,1032
TrabajoB,4038,5278778,5279810,1032
TrabajoA,4039,5279810,5280842,1032
TrabajoB,4040,5280842,5281872,1030
TrabajoA,4041,5281872,5282904,1032
TrabajoB,4042,5282904,5283936,1032
TrabajoA,4043,5283936,5284995,1059
TrabajoB,4044,5284995,5286193,1198
TrabajoA,4045,5286193,5287236,1043
TrabajoB,4046,5287236,5288273,1037
TrabajoA,4047,5288273,5289350,1077
TrabajoB,4048,5289350,5290439,1089
TrabajoA,4049,5290439,5291476,1037
TrabajoB,4050,5291476,5292512,1036
TrabajoA,4051,5292512,5293549,1037
TrabajoB,4052,5293549,5294586,1037
TrabajoA,4053,5294586,5295623,1037
TrabajoB,4054,5295623,5296660,1037
TrabajoA,4055,5296660,5297804,1144
TrabajoB,4056,5297804,5298916,1112
TrabajoA,4057,5298916,5299957,1041
TrabajoB,4058,5299957,5301125,1168
TrabajoA,4059,5301125,5302163,1038
TrabajoB,4060,5302163,5303686,1523
TrabajoA,4061,5303686,5305189,1503
TrabajoB,4062,5305189,5307180,1991
TrabajoA,4063,5307180,5309175,1995
TrabajoB,4064,5309175,5311169,1994
TrabajoA,4065,5311169,5313164,1995
TrabajoB,4066,5313164,5315161,1997
TrabajoA,4067,5315161,5316666,1505
TrabajoB,4068,5316666,5318662,1996
TrabajoA,4069,5318662,5320657,1995
TrabajoB,4070,5320657,5322648,1991
TrabajoA,4071,5322648,5324646,1998
TrabajoB,4072,5324646,5325791,1145
TrabajoA,4073,5325791,5326879,1088
TrabajoB,4074,5326879,5327916,1037
TrabajoA,4075,5327916,5328953,1037
TrabajoB,4076,5328953,5329990,1037
TrabajoA,4077,5329990,5331027,1037
TrabajoB,4078,5331027,5332178,1151
TrabajoA,4079,5332178,5333310,1132
TrabajoB,4080,5333310,5334382,1072
TrabajoA,4081,5334382,5335468,1086
TrabajoB,4082,5335468,5336629,1161
TrabajoA,4083,5336629,5337673,1044
TrabajoB,4084,5337673,5338743,1070
TrabajoA,4085,5338743,5339833,1090
TrabajoB,4086,5339833,5340928,1095
TrabajoA,4087,5340928,5341967,1039
TrabajoB,4088,5341967,5343007,1040
TrabajoA,4089,5343007,5344047,1040
TrabajoB,4090,5344047,5345087,1040
TrabajoA,4091,5345087,5346127,1040
TrabajoB,4092,5346127,5347202,1075
TrabajoA,4093,5347202,5348365,1163
TrabajoB,4094,5348365,5349482,1117
TrabajoA,4095,5349482,5350566,1084
TrabajoB,4096,5350566,5351641,1075
TrabajoA,4097,5351641,5352729,1088
TrabajoB,4098,5352729,5353851,1122
TrabajoA,4099,5353851,5355400,1549
TrabajoB,4100,5355400,5356901,1501
TrabajoA,4101,5356901,5358895,1994
TrabajoB,4102,5358895,5360889,1994
TrabajoA,4103,5360889,5362395,1506
TrabajoB,4104,5362395,5364390,1995
TrabajoA,4105,5364390,5366384,1994
TrabajoB,4106,5366384,5368377,1993
TrabajoA,4107,5368377,5370375,1998
TrabajoB,4108,5370375,5372368,1993
TrabajoA,4109,5372368,5374361,1993
TrabajoB,4110,5374361,5376355,1994
TrabajoA,4111,5376355,5378353,1998
TrabajoB,4112,5378353,5380351,1998
TrabajoA,4113,5380351,5382339,1988
TrabajoB,4114,5382339,5384338,1999
TrabajoA,4115,5384338,5386330,1992
TrabajoB,4116,5386330,5388329,1999
TrabajoA,4117,5388329,5389455,1126
TrabajoB,4118,5389455,5390548,1093
TrabajoA,4119,5390548,5391660,1112
TrabajoB,4120,5391660,5392692,1032
TrabajoA,4121,5392692,5393741,1049
TrabajoB,4122,5393741,5394909,1168
TrabajoA,4123,5394909,5395941,1032
TrabajoB,4124,5395941,5396977,1036
TrabajoA,4125,5396977,5398012,1035
TrabajoB,4126,5398012,5399077,1065
TrabajoA,4127,5399077,5400112,1035
TrabajoB,4128,5400112,5401201,1089
TrabajoA,4129,5401201,5402263,1062
TrabajoB,4130,5402263,5403325,1062
TrabajoA,4131,5403325,5404447,1122
TrabajoB,4132,5404447,5405476,1029
TrabajoA,4133,5405476,5406508,1032
TrabajoB,4134,5406508,5407540,1032
TrabajoA,4135,5407540,5408585,1045
TrabajoB,4136,5408585,5409671,1086
TrabajoA,4137,5409671,5410734,1063
TrabajoB,4138,5410734,5411768,1034
TrabajoA,4139,5411768,5412804,1036
TrabajoB,4140,5412804,5413838,1034
TrabajoA,4141,5413838,5414903,1065
TrabajoB,4142,5414903,5416018,1115
TrabajoA,4143,5416018,5417133,1115
TrabajoB,4144,5417133,5419130,1997
TrabajoA,4145,5419130,5420632,1502
TrabajoB,4146,5420632,5422627,1995
TrabajoA,4147,5422627,5424622,1995
TrabajoB,4148,5424622,5426618,1996
TrabajoA,4149,5426618,5428612,1994
TrabajoB,4150,5428612,5430606,1994
TrabajoA,4151,5430606,5432600,1994
TrabajoB,4152,5432600,5434594,1994
TrabajoA,4153,5434594,5436588,1994
TrabajoB,4154,5436588,5438589,2001
TrabajoA,4155,5438589,5440133,1544
TrabajoB,4156,5440133,5441367,1234
TrabajoA,4157,5441367,5442428,1061
TrabajoB,4158,5442428,5443491,1063
TrabajoA,4159,5443491,5444555,1064
TrabajoB,4160,5444555,5445586,1031
TrabajoA,4161,5445586,5446619,1033
TrabajoB,4162,5446619,5447652,1033
TrabajoA,4163,5447652,5448678,1026
TrabajoB,4164,5448678,5449701,1023
TrabajoA,4165,5449701,5450733,1032
TrabajoB,4166,5450733,5451794,1061
TrabajoA,4167,5451794,5452883,1089
TrabajoB,4168,5452883,5453933,1050
TrabajoA,4169,5453933,5455043,1110
TrabajoB,4170,5455043,5456309,1266
TrabajoA,4171,5456309,5457377,1068
TrabajoB,4172,5457377,5458421,1044
TrabajoA,4173,5458421,5459441,1020
TrabajoB,4174,5459441,5460495,1054
TrabajoA,4175,5460495,5461502,1007
TrabajoB,4176,5461502,5462529,1027
TrabajoA,4177,5462529,5463584,1055
TrabajoB,4178,5463584,5464645,1061
TrabajoA,4179,5464645,5465704,1059
TrabajoB,4180,5465704,5466737,1033
TrabajoA,4181,5466737,5467798,1061
TrabajoB,4182,5467798,5468900,1102
TrabajoA,4183,5468900,5470901,2001
TrabajoB,4184,5470901,5472898,1997
TrabajoA,4185,5472898,5474890,1992
TrabajoB,4186,5474890,5476886,1996
TrabajoA,4187,5476886,5478884,1998
TrabajoB,4188,5478884,5480878,1994
TrabajoA,4189,5480878,5482873,1995
TrabajoB,4190,5482873,5484869,1996
TrabajoA,4191,5484869,5486252,1383
TrabajoB,4192,5486252,5487728,1476
TrabajoA,4193,5487728,5488818,1090
TrabajoB,4194,5488818,5489848,1030
TrabajoA,4195,5489848,5490892,1044
TrabajoB,4196,5490892,5491923,1031
TrabajoA,4197,5491923,5492967,1044
TrabajoB,4198,5492967,5494009,1042
TrabajoA,4199,5494009,5495049,1040
TrabajoB,4200,5495049,5496086,1037
TrabajoA,4201,5496086,5497160,1074
TrabajoB,4202,5497160,5498218,1058
TrabajoA,4203,5498218,5499288,1070
TrabajoB,4204,5499288,5500385,1097
TrabajoA,4205,5500385,5501536,1151
TrabajoB,4206,5501536,5502667,1131
TrabajoA,4207,5502667,5503707,1040
TrabajoB,4208,5503707,5504743,1036
TrabajoA,4209,5504743,5505785,1042
TrabajoB,4210,5505785,5506830,1045
TrabajoA,4211,5506830,5507873,1043
TrabajoB,4212,5507873,5508949,1076
TrabajoA,4213,5508949,5510042,1093
TrabajoB,4214,5510042,5511094,1052
TrabajoA,4215,5511094,5512129,1035
TrabajoB,4216,5512129,5513204,1075
TrabajoA,4217,5513204,5514302,1098
TrabajoB,4218,5514302,5515419,1117
TrabajoA,4219,5515419,5516432,1013
TrabajoB,4220,5516432,5518432,2000
TrabajoA,4221,5518432,5520427,1995
TrabajoB,4222,5520427,5522421,1994
TrabajoA,4223,5522421,5524416,1995
TrabajoB,4224,5524416,5526409,1993
TrabajoA,4225,5526409,5528408,1999
TrabajoB,4226,5528408,5529955,1547
TrabajoA,4227,5529955,5531093,1138
TrabajoB,4228,5531093,5532124,1031
TrabajoA,4229,5532124,5533222,1098
TrabajoB,4230,5533222,5534258,1036
TrabajoA,4231,5534258,5535292,1034
TrabajoB,4232,5535292,5536329,1037
TrabajoA,4233,5536329,5537377,1048
TrabajoB,4234,5537377,5538401,1024
TrabajoA,4235,5538401,5539500,1099
TrabajoB,4236,5539500,5540595,1095
TrabajoA,4237,5540595,5541651,1056
TrabajoB,4238,5541651,5542745,1094
TrabajoA,4239,5542745,5543848,1103
TrabajoB,4240,5543848,5544912,1064
TrabajoA,4241,5544912,5545941,1029
TrabajoB,4242,5545941,5546974,1033
TrabajoA,4243,5546974,5548006,1032
TrabajoB,4244,5548006,5549313,1307
TrabajoA,4245,5549313,5550348,1035
TrabajoB,4246,5550348,5551413,1065
TrabajoA,4247,5551413,5552545,1132
TrabajoB,4248,5552545,5553611,1066
TrabajoA,4249,5553611,5554729,1118
TrabajoB,4250,5554729,5555841,1112
TrabajoA,4251,5555841,5556915,1074
TrabajoB,4252,5556915,5557946,1031
TrabajoA,4253,5557946,5559941,1995
TrabajoB,4254,5559941,5561454,1513
TrabajoA,4255,5561454,5563449,1995
TrabajoB,4256,5563449,5565443,1994
TrabajoA,4257,5565443,5567428,1985
TrabajoB,4258,5567428,5569430,2002
TrabajoA,4259,5569430,5570497,1067
TrabajoB,4260,5570497,5571697,1200
TrabajoA,4261,5571697,5572729,1032
TrabajoB,4262,5572729,5573820,1091
TrabajoA,4263,5573820,5574978,1158
TrabajoB,4264,5574978,5576005,1027
TrabajoA,4265,5576005,5577037,1032
TrabajoB,4266,5577037,5578068,1031
TrabajoA,4267,5578068,5579160,1092
TrabajoB,4268,5579160,5580192,1032
TrabajoA,4269,5580192,5581226,1034
TrabajoB,4270,5581226,5582320,1094
TrabajoA,4271,5582320,5583433,1113
TrabajoB,4272,5583433,5584494,1061
TrabajoA,4273,5584494,5585602,1108
TrabajoB,4274,5585602,5586659,1057
TrabajoA,4275,5586659,5587692,1033
TrabajoB,4276,5587692,5588738,1046
TrabajoA,4277,5588738,5589769,1031
TrabajoB,4278,5589769,5590801,1032
TrabajoA,4279,5590801,5591833,1032
TrabajoB,4280,5591833,5592865,1032
TrabajoA,4281,5592865,5593898,1033
TrabajoB,4282,5593898,5595043,1145
TrabajoA,4283,5595043,5596074,1031
TrabajoB,4284,5596074,5597133,1059
TrabajoA,4285,5597133,5598216,1083
TrabajoB,4286,5598216,5599761,1545
TrabajoA,4287,5599761,5601261,1500
TrabajoB,4288,5601261,5603259,1998
TrabajoA,4289,5603259,5605252,1993
TrabajoB,4290,5605252,5607246,1994
TrabajoA,4291,5607246,5609244,1998
TrabajoB,4292,5609244,5611237,1993
TrabajoA,4293,5611237,5613004,1767
TrabajoB,4294,5613004,5614502,1498
TrabajoA,4295,5614502,5616496,1994
TrabajoB,4296,5616496,5618493,1997
TrabajoA,4297,5618493,5620486,1993
TrabajoB,4298,5620486,5621618,1132
TrabajoA,4299,5621618,5622649,1031
TrabajoB,4300,5622649,5623680,1031
TrabajoA,4301,5623680,5624713,1033
TrabajoB,4302,5624713,5625824,1111
TrabajoA,4303,5625824,5626852,1028
TrabajoB,4304,5626852,5627884,1032
TrabajoA,4305,5627884,5628915,1031
TrabajoB,4306,5628915,5629948,1033
TrabajoA,4307,5629948,5630980,1032
TrabajoB,4308,5630980,5632014,1034
TrabajoA,4309,5632014,5633184,1170
TrabajoB,4310,5633184,5634284,1100
TrabajoA,4311,5634284,5635316,1032
TrabajoB,4312,5635316,5636347,1031
TrabajoA,4313,5636347,5637380,1033
TrabajoB,4314,5637380,5638413,1033
TrabajoA,4315,5638413,5639445,1032
TrabajoB,4316,5639445,5640671,1226
TrabajoA,4317,5640671,5641702,1031
TrabajoB,4318,5641702,5642750,1048
TrabajoA,4319,5642750,5643829,1079
TrabajoB,4320,5643829,5644934,1105
TrabajoA,4321,5644934,5646933,1999
TrabajoB,4322,5646933,5647954,1021
TrabajoA,4323,5647954,5649056,1102
TrabajoB,4324,5649056,5650117,1061
TrabajoA,4325,5650117,5651147,1030
TrabajoB,4326,5651147,5652178,1031
TrabajoA,4327,5652178,5654185,2007
TrabajoB,4328,5654185,5656180,1995
TrabajoA,4329,5656180,5658165,1985
TrabajoB,4330,5658165,5660159,1994
TrabajoA,4331,5660159,5662153,1994
TrabajoB,4332,5662153,5664148,1995
TrabajoA,4333,5664148,5666144,1996
TrabajoB,4334,5666144,5668137,1993
TrabajoA,4335,5668137,5670132,1995
TrabajoB,4336,5670132,5672137,2005
TrabajoA,4337,5672137,5674124,1987
TrabajoB,4338,5674124,5676119,1995
TrabajoA,4339,5676119,5678115,1996
TrabajoB,4340,5678115,5680108,1993
TrabajoA,4341,5680108,5682102,1994
TrabajoB,4342,5682102,5684097,1995
TrabajoA,4343,5684097,5686092,1995
TrabajoB,4344,5686092,5688091,1999
TrabajoA,4345,5688091,5690081,1990
TrabajoB,4346,5690081,5692076,1995
TrabajoA,4347,5692076,5694070,1994
TrabajoB,4348,5694070,5696065,1995
TrabajoA,4349,5696065,5698059,1994
TrabajoB,4350,5698059,5700054,1995
TrabajoA,4351,5700054,5702048,1994
TrabajoB,4352,5702048,5704049,2001
TrabajoA,4353,5704049,5705085,1036
TrabajoB,4354,5705085,5706120,1035
TrabajoA,4355,5706120,5707155,1035
TrabajoB,4356,5707155,5708275,1120
TrabajoA,4357,5708275,5709313,1038
TrabajoB,4358,5709313,5710368,1055
TrabajoA,4359,5710368,5711403,1035
TrabajoB,4360,5711403,5712437,1034
TrabajoA,4361,5712437,5713500,1063
TrabajoB,4362,5713500,5714536,1036
TrabajoA,4363,5714536,5715570,1034
TrabajoB,4364,5715570,5716592,1022
TrabajoA,4365,5716592,5717631,1039
TrabajoB,4366,5717631,5718689,1058
TrabajoA,4367,5718689,5719758,1069
TrabajoB,4368,5719758,5720829,1071
TrabajoA,4369,5720829,5721896,1067
TrabajoB,4370,5721896,5722930,1034
TrabajoA,4371,5722930,5723971,1041
TrabajoB,4372,5723971,5725108,1137
TrabajoA,4373,5725108,5726167,1059
TrabajoB,4374,5726167,5727196,1029
TrabajoA,4375,5727196,5728227,1031
TrabajoB,4376,5728227,5729259,1032
TrabajoA,4377,5729259,5730290,1031
TrabajoB,4378,5730290,5732291,2001
TrabajoA,4379,5732291,5734285,1994
TrabajoB,4380,5734285,5736279,1994
TrabajoA,4381,5736279,5738280,2001
TrabajoB,4382,5738280,5740266,1986
TrabajoA,4383,5740266,5742261,1995
TrabajoB,4384,5742261,5743774,1513
TrabajoA,4385,5743774,5744895,1121
TrabajoB,4386,5744895,5745924,1029
TrabajoA,4387,5745924,5746956,1032
TrabajoB,4388,5746956,5747988,1032
TrabajoA,4389,5747988,5749020,1032
TrabajoB,4390,5749020,5750150,1130
TrabajoA,4391,5750150,5751194,1044
TrabajoB,4392,5751194,5752221,1027
TrabajoA,4393,5752221,5753259,1038
TrabajoB,4394,5753259,5754319,1060
TrabajoA,4395,5754319,5755438,1119
TrabajoB,4396,5755438,5756548,1110
TrabajoA,4397,5756548,5757606,1058
TrabajoB,4398,5757606,5758692,1086
TrabajoA,4399,5758692,5759724,1032
TrabajoB,4400,5759724,5760755,1031
TrabajoA,4401,5760755,5761786,1031
TrabajoB,4402,5761786,5762817,1031
TrabajoA,4403,5762817,5763849,1032
TrabajoB,4404,5763849,5764881,1032
TrabajoA,4405,5764881,5765975,1094
TrabajoB,4406,5765975,5766999,1024
TrabajoA,4407,5766999,5768156,1157
TrabajoB,4408,5768156,5769237,1081
TrabajoA,4409,5769237,5770375,1138
TrabajoB,4410,5770375,5771420,1045
TrabajoA,4411,5771420,5772944,1524
TrabajoB,4412,5772944,5774430,1486
TrabajoA,4413,5774430,5776426,1996
TrabajoB,4414,5776426,5778421,1995
TrabajoA,4415,5778421,5780418,1997
TrabajoB,4416,5780418,5782412,1994
TrabajoA,4417,5782412,5784409,1997
TrabajoB,4418,5784409,5786402,1993
TrabajoA,4419,5786402,5788397,1995
TrabajoB,4420,5788397,5790391,1994
TrabajoA,4421,5790391,5792386,1995
TrabajoB,4422,5792386,5794380,1994
TrabajoA,4423,5794380,5796376,1996
TrabajoB,4424,5796376,5797890,1514
TrabajoA,4425,5797890,5798932,1042
TrabajoB,4426,5798932,5799964,1032
TrabajoA,4427,5799964,5800995,1031
TrabajoB,4428,5800995,5802026,1031
TrabajoA,4429,5802026,5803057,1031
TrabajoB,4430,5803057,5804091,1034
TrabajoA,4431,5804091,5805153,1062
TrabajoB,4432,5805153,5806186,1033
TrabajoA,4433,5806186,5807295,1109
TrabajoB,4434,5807295,5808354,1059
TrabajoA,4435,5808354,5809389,1035
TrabajoB,4436,5809389,5810422,1033
TrabajoA,4437,5810422,5811455,1033
TrabajoB,4438,5811455,5812519,1064
TrabajoA,4439,5812519,5813564,1045
TrabajoB,4440,5813564,5814598,1034
TrabajoA,4441,5814598,5815632,1034
TrabajoB,4442,5815632,5816666,1034
TrabajoA,4443,5816666,5817700,1034
TrabajoB,4444,5817700,5818831,1131
TrabajoA,4445,5818831,5819946,1115
TrabajoB,4446,5819946,5820982,1036
TrabajoA,4447,5820982,5822015,1033
TrabajoB,4448,5822015,5823048,1033
TrabajoA,4449,5823048,5824082,1034
TrabajoB,4450,5824082,5825599,1517
TrabajoA,4451,5825599,5827100,1501
TrabajoB,4452,5827100,5829098,1998
TrabajoA,4453,5829098,5831092,1994
TrabajoB,4454,5831092,5833093,2001
TrabajoA,4455,5833093,5835084,1991
TrabajoB,4456,5835084,5837405,2321
TrabajoA,4457,5837405,5838591,1186
TrabajoB,4458,5838591,5839624,1033
TrabajoA,4459,5839624,5840655,1031
TrabajoB,4460,5840655,5841686,1031
TrabajoA,4461,5841686,5842719,1033
TrabajoB,4462,5842719,5843912,1193
TrabajoA,4463,5843912,5844946,1034
TrabajoB,4464,5844946,5845973,1027
TrabajoA,4465,5845973,5847001,1028
TrabajoB,4466,5847001,5848046,1045
TrabajoA,4467,5848046,5849139,1093
TrabajoB,4468,5849139,5850198,1059
TrabajoA,4469,5850198,5851231,1033
TrabajoB,4470,5851231,5852365,1134
TrabajoA,4471,5852365,5853448,1083
TrabajoB,4472,5853448,5854589,1141
TrabajoA,4473,5854589,5856048,1459
TrabajoB,4474,5856048,5857079,1031
TrabajoA,4475,5857079,5858110,1031
TrabajoB,4476,5858110,5859214,1104
TrabajoA,4477,5859214,5860278,1064
TrabajoB,4478,5860278,5861340,1062
TrabajoA,4479,5861340,5862374,1034
TrabajoB,4480,5862374,5863407,1033
TrabajoA,4481,5863407,5864471,1064
TrabajoB,4482,5864471,5865534,1063
TrabajoA,4483,5865534,5867079,1545
TrabajoB,4484,5867079,5868579,1500
TrabajoA,4485,5868579,5870597,2018
TrabajoB,4486,5870597,5872572,1975
TrabajoA,4487,5872572,5874568,1996
TrabajoB,4488,5874568,5876559,1991
TrabajoA,4489,5876559,5878107,1548
TrabajoB,4490,5878107,5879250,1143
TrabajoA,4491,5879250,5880307,1057
TrabajoB,4492,5880307,5881363,1056
TrabajoA,4493,5881363,5882402,1039
TrabajoB,4494,5882402,5883427,1025
TrabajoA,4495,5883427,5884459,1032
TrabajoB,4496,5884459,5885490,1031
TrabajoA,4497,5885490,5886522,1032
TrabajoB,4498,5886522,5887559,1037
TrabajoA,4499,5887559,5888593,1034
TrabajoB,4500,5888593,5889656,1063
TrabajoA,4501,5889656,5890774,1118
TrabajoB,4502,5890774,5891909,1135
TrabajoA,4503,5891909,5892990,1081
TrabajoB,4504,5892990,5894022,1032
TrabajoA,4505,5894022,5895054,1032
TrabajoB,4506,5895054,5896085,1031
TrabajoA,4507,5896085,5897116,1031
TrabajoB,4508,5897116,5898148,1032
TrabajoA,4509,5898148,5899181,1033
TrabajoB,4510,5899181,5900212,1031
TrabajoA,4511,5900212,5901243,1031
TrabajoB,4512,5901243,5902306,1063
TrabajoA,4513,5902306,5903424,1118
TrabajoB,4514,5903424,5904509,1085
TrabajoA,4515,5904509,5905627,1118
TrabajoB,4516,5905627,5906663,1036
TrabajoA,4517,5906663,5908657,1994
TrabajoB,4518,5908657,5910159,1502
TrabajoA,4519,5910159,5912154,1995
TrabajoB,4520,5912154,5914150,1996
TrabajoA,4521,5914150,5916143,1993
TrabajoB,4522,5916143,5918141,1998
TrabajoA,4523,5918141,5920136,1995
TrabajoB,4524,5920136,5922132,1996
TrabajoA,4525,5922132,5924122,1990
TrabajoB,4526,5924122,5926116,1994
TrabajoA,4527,5926116,5928111,1995
TrabajoB,4528,5928111,5930106,1995
TrabajoA,4529,5930106,5931137,1031
TrabajoB,4530,5931137,5932238,1101
TrabajoA,4531,5932238,5933272,1034
TrabajoB,4532,5933272,5934312,1040
TrabajoA,4533,5934312,5935344,1032
TrabajoB,4534,5935344,5936412,1068
TrabajoA,4535,5936412,5937475,1063
TrabajoB,4536,5937475,5938560,1085
TrabajoA,4537,5938560,5939593,1033
TrabajoB,4538,5939593,5940677,1084
TrabajoA,4539,5940677,5941713,1036
TrabajoB,4540,5941713,5942748,1035
TrabajoA,4541,5942748,5943834,1086
TrabajoB,4542,5943834,5944869,1035
TrabajoA,4543,5944869,5945904,1035
TrabajoB,4544,5945904,5946939,1035
TrabajoA,4545,5946939,5947973,1034
TrabajoB,4546,5947973,5949019,1046
TrabajoA,4547,5949019,5950055,1036
TrabajoB,4548,5950055,5951290,1235
TrabajoA,4549,5951290,5952417,1127
TrabajoB,4550,5952417,5953480,1063
TrabajoA,4551,5953480,5954574,1094
TrabajoB,4552,5954574,5955599,1025
TrabajoA,4553,5955599,5956623,1024
TrabajoB,4554,5956623,5957782,1159
TrabajoA,4555,5957782,5958870,1088
TrabajoB,4556,5958870,5960868,1998
TrabajoA,4557,5960868,5962371,1503
TrabajoB,4558,5962371,5964365,1994
TrabajoA,4559,5964365,5966360,1995
TrabajoB,4560,5966360,5968362,2002
TrabajoA,4561,5968362,5970355,1993
TrabajoB,4562,5970355,5971899,1544
TrabajoA,4563,5971899,5972987,1088
TrabajoB,4564,5972987,5974074,1087
TrabajoA,4565,5974074,5975161,1087
TrabajoB,4566,5975161,5976198,1037
TrabajoA,4567,5976198,5977233,1035
TrabajoB,4568,5977233,5978271,1038
TrabajoA,4569,5978271,5979307,1036
TrabajoB,4570,5979307,5980342,1035
TrabajoA,4571,5980342,5981377,1035
TrabajoB,4572,5981377,5982475,1098
TrabajoA,4573,5982475,5983617,1142
TrabajoB,4574,5983617,5984652,1035
TrabajoA,4575,5984652,5985687,1035
TrabajoB,4576,5985687,5986775,1088
TrabajoA,4577,5986775,5987866,1091
TrabajoB,4578,5987866,5988955,1089
TrabajoA,4579,5988955,5989989,1034
TrabajoB,4580,5989989,5991024,1035
TrabajoA,4581,5991024,5992058,1034
TrabajoB,4582,5992058,5993096,1038
TrabajoA,4583,5993096,5994195,1099
TrabajoB,4584,5994195,5995307,1112
TrabajoA,4585,5995307,5996367,1060
TrabajoB,4586,5996367,5997398,1031
TrabajoA,4587,5997398,5998526,1128
TrabajoB,4588,5998526,5999624,1098
TrabajoA,4589,5999624,6001139,1515
TrabajoB,4590,6001139,6002641,1502
TrabajoA,4591,6002641,6004637,1996
TrabajoB,4592,6004637,6006633,1996
TrabajoA,4593,6006633,6008629,1996
TrabajoB,4594,6008629,6010622,1993
TrabajoA,4595,6010622,6012616,1994
TrabajoB,4596,6012616,6014612,1996
TrabajoA,4597,6014612,6016605,1993
TrabajoB,4598,6016605,6018599,1994
TrabajoA,4599,6018599,6020599,2000
TrabajoB,4600,6020599,6022589,1990
TrabajoA,4601,6022589,6023689,1100
TrabajoB,4602,6023689,6024792,1103
TrabajoA,4603,6024792,6025827,1035
TrabajoB,4604,6025827,6026862,1035
TrabajoA,4605,6026862,6027950,1088
TrabajoB,4606,6027950,6029032,1082
TrabajoA,4607,6029032,6030065,1033
TrabajoB,4608,6030065,6031099,1034
TrabajoA,4609,6031099,6032134,1035
TrabajoB,4610,6032134,6033169,1035
TrabajoA,4611,6033169,6034203,1034
TrabajoB,4612,6034203,6035266,1063
TrabajoA,4613,6035266,6036394,1128
TrabajoB,4614,6036394,6037425,1031
TrabajoA,4615,6037425,6038460,1035
TrabajoB,4616,6038460,6039560,1100
TrabajoA,4617,6039560,6040592,1032
TrabajoB,4618,6040592,6041626,1034
TrabajoA,4619,6041626,6042656,1030
TrabajoB,4620,6042656,6043741,1085
TrabajoA,4621,6043741,6044802,1061
TrabajoB,4622,6044802,6045827,1025
TrabajoA,4623,6045827,6046868,1041
TrabajoB,4624,6046868,6047928,1060
TrabajoA,4625,6047928,6049000,1072
TrabajoB,4626,6049000,6050120,1120
TrabajoA,4627,6050120,6051153,1033
TrabajoB,4628,6051153,6052668,1515
TrabajoA,4629,6052668,6054175,1507
TrabajoB,4630,6054175,6056169,1994
TrabajoA,4631,6056169,6058162,1993
TrabajoB,4632,6058162,6059779,1617
TrabajoA,4633,6059779,6061280,1501
TrabajoB,4634,6061280,6063274,1994
TrabajoA,4635,6063274,6064851,1577
TrabajoB,4636,6064851,6065913,1062
TrabajoA,4637,6065913,6067001,1088
TrabajoB,4638,6067001,6068090,1089
TrabajoA,4639,6068090,6069149,1059
TrabajoB,4640,6069149,6070162,1013
TrabajoA,4641,6070162,6071206,1044
TrabajoB,4642,6071206,6072237,1031
TrabajoA,4643,6072237,6073271,1034
TrabajoB,4644,6073271,6074307,1036
TrabajoA,4645,6074307,6075414,1107
TrabajoB,4646,6075414,6076447,1033
TrabajoA,4647,6076447,6077511,1064
TrabajoB,4648,6077511,6078546,1035
TrabajoA,4649,6078546,6079580,1034
TrabajoB,4650,6079580,6080665,1085
TrabajoA,4651,6080665,6081700,1035
TrabajoB,4652,6081700,6082734,1034
TrabajoA,4653,6082734,6083768,1034
TrabajoB,4654,6083768,6084801,1033
TrabajoA,4655,6084801,6085836,1035
TrabajoB,4656,6085836,6086918,1082
TrabajoA,4657,6086918,6087966,1048
TrabajoB,4658,6087966,6089030,1064
TrabajoA,4659,6089030,6090116,1086
TrabajoB,4660,6090116,6091151,1035
TrabajoA,4661,6091151,6092216,1065
TrabajoB,4662,6092216,6093760,1544
TrabajoA,4663,6093760,6095755,1995
TrabajoB,4664,6095755,6097748,1993
TrabajoA,4665,6097748,6099743,1995
TrabajoB,4666,6099743,6101737,1994
TrabajoA,4667,6101737,6103734,1997
TrabajoB,4668,6103734,6105729,1995
TrabajoA,4669,6105729,6107722,1993
TrabajoB,4670,6107722,6109716,1994
TrabajoA,4671,6109716,6111711,1995
TrabajoB,4672,6111711,6113708,1997
TrabajoA,4673,6113708,6115700,1992
TrabajoB,4674,6115700,6116844,1144
TrabajoA,4675,6116844,6118838,1994
TrabajoB,4676,6118838,6120124,1286
TrabajoA,4677,6120124,6121310,1186
TrabajoB,4678,6121310,6122395,1085
TrabajoA,4679,6122395,6123438,1043
TrabajoB,4680,6123438,6124468,1030
TrabajoA,4681,6124468,6125500,1032
TrabajoB,4682,6125500,6126578,1078
TrabajoA,4683,6126578,6127612,1034
TrabajoB,4684,6127612,6128718,1106
TrabajoA,4685,6128718,6129841,1123
TrabajoB,4686,6129841,6130873,1032
TrabajoA,4687,6130873,6131907,1034
TrabajoB,4688,6131907,6132941,1034
TrabajoA,4689,6132941,6133975,1034
TrabajoB,4690,6133975,6135008,1033
TrabajoA,4691,6135008,6136071,1063
TrabajoB,4692,6136071,6137106,1035
TrabajoA,4693,6137106,6138141,1035
TrabajoB,4694,6138141,6139207,1066
TrabajoA,4695,6139207,6140295,1088
TrabajoB,4696,6140295,6141405,1110
TrabajoA,4697,6141405,6142466,1061
TrabajoB,4698,6142466,6143501,1035
TrabajoA,4699,6143501,6144533,1032
TrabajoB,4700,6144533,6145564,1031
TrabajoA,4701,6145564,6147081,1517
TrabajoB,4702,6147081,6148581,1500
TrabajoA,4703,6148581,6150578,1997
TrabajoB,4704,6150578,6152576,1998
TrabajoA,4705,6152576,6154579,2003
TrabajoB,4706,6154579,6156567,1988
TrabajoA,4707,6156567,6158561,1994
TrabajoB,4708,6158561,6159701,1140
TrabajoA,4709,6159701,6160738,1037
TrabajoB,4710,6160738,6161775,1037
TrabajoA,4711,6161775,6162812,1037
TrabajoB,4712,6162812,6163849,1037
TrabajoA,4713,6163849,6164886,1037
TrabajoB,4714,6164886,6165922,1036
TrabajoA,4715,6165922,6166959,1037
TrabajoB,4716,6166959,6168021,1062
TrabajoA,4717,6168021,6169056,1035
TrabajoB,4718,6169056,6170178,1122
TrabajoA,4719,6170178,6171395,1217
TrabajoB,4720,6171395,6172425,1030
TrabajoA,4721,6172425,6173462,1037
TrabajoB,4722,6173462,6174497,1035
TrabajoA,4723,6174497,6175531,1034
TrabajoB,4724,6175531,6176566,1035
TrabajoA,4725,6176566,6177599,1033
TrabajoB,4726,6177599,6178633,1034
TrabajoA,4727,6178633,6179667,1034
TrabajoB,4728,6179667,6180700,1033
TrabajoA,4729,6180700,6181769,1069
TrabajoB,4730,6181769,6182960,1191
TrabajoA,4731,6182960,6184048,1088
TrabajoB,4732,6184048,6185084,1036
TrabajoA,4733,6185084,6186121,1037
TrabajoB,4734,6186121,6187164,1043
TrabajoA,4735,6187164,6189157,1993
TrabajoB,4736,6189157,6190660,1503
TrabajoA,4737,6190660,6192655,1995
TrabajoB,4738,6192655,6194649,1994
TrabajoA,4739,6194649,6196644,1995
TrabajoB,4740,6196644,6198642,1998
TrabajoA,4741,6198642,6200634,1992
TrabajoB,4742,6200634,6201726,1092
TrabajoA,4743,6201726,6202762,1036
TrabajoB,4744,6202762,6203817,1055
TrabajoA,4745,6203817,6204849,1032
TrabajoB,4746,6204849,6205882,1033
TrabajoA,4747,6205882,6206917,1035
TrabajoB,4748,6206917,6207952,1035
TrabajoA,4749,6207952,6208987,1035
TrabajoB,4750,6208987,6210021,1034
TrabajoA,4751,6210021,6211086,1065
TrabajoB,4752,6211086,6212199,1113
TrabajoA,4753,6212199,6213335,1136
TrabajoB,4754,6213335,6214402,1067
TrabajoA,4755,6214402,6215434,1032
TrabajoB,4756,6215434,6216468,1034
TrabajoA,4757,6216468,6217500,1032
TrabajoB,4758,6217500,6218536,1036
TrabajoA,4759,6218536,6219570,1034
TrabajoB,4760,6219570,6220604,1034
TrabajoA,4761,6220604,6221638,1034
TrabajoB,4762,6221638,6222672,1034
TrabajoA,4763,6222672,6223761,1089
TrabajoB,4764,6223761,6224875,1114
TrabajoA,4765,6224875,6225967,1092
TrabajoB,4766,6225967,6227000,1033
TrabajoA,4767,6227000,6228035,1035
TrabajoB,4768,6228035,6229642,1607
TrabajoA,4769,6229642,6231634,1992
TrabajoB,4770,6231634,6233629,1995
TrabajoA,4771,6233629,6235619,1990
TrabajoB,4772,6235619,6237615,1996
TrabajoA,4773,6237615,6239607,1992
TrabajoB,4774,6239607,6241605,1998
TrabajoA,4775,6241605,6243598,1993
TrabajoB,4776,6243598,6245600,2002
TrabajoA,4777,6245600,6247589,1989
TrabajoB,4778,6247589,6249581,1992
TrabajoA,4779,6249581,6251180,1599
TrabajoB,4780,6251180,6252323,1143
TrabajoA,4781,6252323,6253386,1063
TrabajoB,4782,6253386,6254478,1092
TrabajoA,4783,6254478,6255521,1043
TrabajoB,4784,6255521,6256549,1028
TrabajoA,4785,6256549,6257590,1041
TrabajoB,4786,6257590,6258624,1034
TrabajoA,4787,6258624,6259748,1124
TrabajoB,4788,6259748,6260784,1036
TrabajoA,4789,6260784,6261819,1035
TrabajoB,4790,6261819,6262975,1156
TrabajoA,4791,6262975,6264021,1046
TrabajoB,4792,6264021,6265058,1037
TrabajoA,4793,6265058,6266171,1113
TrabajoB,4794,6266171,6267263,1092
TrabajoA,4795,6267263,6268301,1038
TrabajoB,4796,6268301,6269338,1037
TrabajoA,4797,6269338,6270378,1040
TrabajoB,4798,6270378,6271414,1036
TrabajoA,4799,6271414,6272444,1030
TrabajoB,4800,6272444,6273507,1063
TrabajoA,4801,6273507,6274571,1064
TrabajoB,4802,6274571,6275708,1137
TrabajoA,4803,6275708,6276748,1040
TrabajoB,4804,6276748,6277812,1064
TrabajoA,4805,6277812,6278866,1054
TrabajoB,4806,6278866,6279929,1063
TrabajoA,4807,6279929,6281445,1516
TrabajoB,4808,6281445,6282948,1503
TrabajoA,4809,6282948,6284947,1999
TrabajoB,4810,6284947,6286940,1993
TrabajoA,4811,6286940,6288934,1994
TrabajoB,4812,6288934,6290931,1997
TrabajoA,4813,6290931,6292478,1547
TrabajoB,4814,6292478,6293516,1038
TrabajoA,4815,6293516,6294641,1125
TrabajoB,4816,6294641,6295753,1112
TrabajoA,4817,6295753,6296784,1031
TrabajoB,4818,6296784,6297815,1031
TrabajoA,4819,6297815,6298846,1031
TrabajoB,4820,6298846,6299878,1032
TrabajoA,4821,6299878,6300909,1031
TrabajoB,4822,6300909,6301941,1032
TrabajoA,4823,6301941,6302973,1032
TrabajoB,4824,6302973,6304009,1036
TrabajoA,4825,6304009,6305069,1060
TrabajoB,4826,6305069,6306223,1154
TrabajoA,4827,6306223,6307324,1101
TrabajoB,4828,6307324,6308415,1091
TrabajoA,4829,6308415,6309479,1064
TrabajoB,4830,6309479,6310510,1031
TrabajoA,4831,6310510,6311545,1035
TrabajoB,4832,6311545,6312578,1033
TrabajoA,4833,6312578,6313613,1035
TrabajoB,4834,6313613,6314647,1034
TrabajoA,4835,6314647,6315681,1034
TrabajoB,4836,6315681,6316714,1033
TrabajoA,4837,6316714,6317826,1112
TrabajoB,4838,6317826,6318884,1058
TrabajoA,4839,6318884,6319910,1026
TrabajoB,4840,6319910,6321031,1121
TrabajoA,4841,6321031,6323023,1992
TrabajoB,4842,6323023,6324526,1503
TrabajoA,4843,6324526,6326521,1995
TrabajoB,4844,6326521,6328516,1995
TrabajoA,4845,6328516,6330510,1994
TrabajoB,4846,6330510,6332505,1995
TrabajoA,4847,6332505,6334500,1995
TrabajoB,4848,6334500,6336495,1995
TrabajoA,4849,6336495,6338493,1998
TrabajoB,4850,6338493,6340482,1989
TrabajoA,4851,6340482,6342476,1994
TrabajoB,4852,6342476,6344471,1995
TrabajoA,4853,6344471,6345535,1064
TrabajoB,4854,6345535,6346622,1087
TrabajoA,4855,6346622,6347708,1086
TrabajoB,4856,6347708,6348744,1036
TrabajoA,4857,6348744,6349776,1032
TrabajoB,4858,6349776,6350809,1033
TrabajoA,4859,6350809,6351844,1035
TrabajoB,4860,6351844,6353134,1290
TrabajoA,4861,6353134,6354215,1081
TrabajoB,4862,6354215,6355245,1030
TrabajoA,4863,6355245,6356270,1025
TrabajoB,4864,6356270,6357365,1095
TrabajoA,4865,6357365,6358474,1109
TrabajoB,4866,6358474,6359505,1031
TrabajoA,4867,6359505,6360536,1031
TrabajoB,4868,6360536,6361567,1031
TrabajoA,4869,6361567,6362598,1031
TrabajoB,4870,6362598,6363629,1031
TrabajoA,4871,6363629,6364663,1034
TrabajoB,4872,6364663,6365722,1059
TrabajoA,4873,6365722,6366753,1031
TrabajoB,4874,6366753,6367874,1121
TrabajoA,4875,6367874,6368901,1027
TrabajoB,4876,6368901,6370007,1106
TrabajoA,4877,6370007,6371127,1120
TrabajoB,4878,6371127,6372188,1061
TrabajoA,4879,6372188,6373221,1033
TrabajoB,4880,6373221,6375217,1996
TrabajoA,4881,6375217,6376723,1506
TrabajoB,4882,6376723,6378717,1994
TrabajoA,4883,6378717,6380710,1993
TrabajoB,4884,6380710,6382705,1995
TrabajoA,4885,6382705,6384701,1996
TrabajoB,4886,6384701,6385778,1077
TrabajoA,4887,6385778,6386875,1097
TrabajoB,4888,6386875,6388023,1148
TrabajoA,4889,6388023,6389051,1028
TrabajoB,4890,6389051,6390083,1032
TrabajoA,4891,6390083,6391116,1033
TrabajoB,4892,6391116,6392148,1032
TrabajoA,4893,6392148,6393179,1031
TrabajoB,4894,6393179,6394212,1033
TrabajoA,4895,6394212,6395246,1034
TrabajoB,4896,6395246,6396278,1032
TrabajoA,4897,6396278,6397335,1057
TrabajoB,4898,6397335,6398480,1145
TrabajoA,4899,6398480,6399663,1183
TrabajoB,4900,6399663,6400699,1036
TrabajoA,4901,6400699,6401733,1034
TrabajoB,4902,6401733,6402769,1036
TrabajoA,4903,6402769,6403805,1036
TrabajoB,4904,6403805,6404841,1036
TrabajoA,4905,6404841,6405879,1038
TrabajoB,4906,6405879,6406913,1034
TrabajoA,4907,6406913,6407947,1034
TrabajoB,4908,6407947,6408983,1036
TrabajoA,4909,6408983,6410048,1065
TrabajoB,4910,6410048,6411136,1088
TrabajoA,4911,6411136,6412248,1112
TrabajoB,4912,6412248,6413360,1112
TrabajoA,4913,6413360,6414921,1561
TrabajoB,4914,6414921,6416421,1500
TrabajoA,4915,6416421,6418418,1997
TrabajoB,4916,6418418,6420413,1995
TrabajoA,4917,6420413,6422408,1995
TrabajoB,4918,6422408,6424402,1994
TrabajoA,4919,6424402,6426399,1997
TrabajoB,4920,6426399,6428393,1994
TrabajoA,4921,6428393,6430388,1995
TrabajoB,4922,6430388,6432380,1992
TrabajoA,4923,6432380,6434376,1996
TrabajoB,4924,6434376,6436370,1994
TrabajoA,4925,6436370,6438366,1996
TrabajoB,4926,6438366,6440360,1994
TrabajoA,4927,6440360,6442355,1995
TrabajoB,4928,6442355,6444348,1993
TrabajoA,4929,6444348,6446153,1805
TrabajoB,4930,6446153,6447197,1044
TrabajoA,4931,6447197,6448228,1031
TrabajoB,4932,6448228,6449321,1093
TrabajoA,4933,6449321,6450423,1102
TrabajoB,4934,6450423,6451490,1067
TrabajoA,4935,6451490,6452521,1031
TrabajoB,4936,6452521,6453555,1034
TrabajoA,4937,6453555,6454668,1113
TrabajoB,4938,6454668,6455750,1082
TrabajoA,4939,6455750,6456831,1081
TrabajoB,4940,6456831,6457918,1087
TrabajoA,4941,6457918,6459001,1083
TrabajoB,4942,6459001,6460100,1099
TrabajoA,4943,6460100,6461225,1125
TrabajoB,4944,6461225,6462291,1066
TrabajoA,4945,6462291,6463402,1111
TrabajoB,4946,6463402,6464518,1116
TrabajoA,4947,6464518,6465547,1029
TrabajoB,4948,6465547,6466581,1034
TrabajoA,4949,6466581,6467616,1035
TrabajoB,4950,6467616,6468651,1035
TrabajoA,4951,6468651,6469683,1032
TrabajoB,4952,6469683,6471205,1522
TrabajoA,4953,6471205,6472700,1495
TrabajoB,4954,6472700,6474698,1998
TrabajoA,4955,6474698,6476694,1996
TrabajoB,4956,6476694,6478690,1996
TrabajoA,4957,6478690,6480683,1993
TrabajoB,4958,6480683,6482677,1994
TrabajoA,4959,6482677,6484673,1996
TrabajoB,4960,6484673,6486666,1993
TrabajoA,4961,6486666,6488665,1999
TrabajoB,4962,6488665,6490655,1990
TrabajoA,4963,6490655,6492651,1996
TrabajoB,4964,6492651,6494168,1517
TrabajoA,4965,6494168,6495282,1114
TrabajoB,4966,6495282,6496414,1132
TrabajoA,4967,6496414,6497449,1035
TrabajoB,4968,6497449,6498482,1033
TrabajoA,4969,6498482,6499543,1061
TrabajoB,4970,6499543,6500576,1033
TrabajoA,4971,6500576,6501609,1033
TrabajoB,4972,6501609,6502642,1033
TrabajoA,4973,6502642,6503682,1040
TrabajoB,4974,6503682,6504719,1037
TrabajoA,4975,6504719,6505754,1035
TrabajoB,4976,6505754,6506815,1061
TrabajoA,4977,6506815,6507904,1089
TrabajoB,4978,6507904,6509000,1096
TrabajoA,4979,6509000,6510089,1089
TrabajoB,4980,6510089,6511152,1063
TrabajoA,4981,6511152,6512212,1060
TrabajoB,4982,6512212,6513300,1088
TrabajoA,4983,6513300,6514338,1038
TrabajoB,4984,6514338,6515371,1033
TrabajoA,4985,6515371,6516407,1036
TrabajoB,4986,6516407,6518406,1999
TrabajoA,4987,6518406,6519907,1501
TrabajoB,4988,6519907,6521901,1994
TrabajoA,4989,6521901,6523898,1997
TrabajoB,4990,6523898,6525895,1997
TrabajoA,4991,6525895,6527889,1994
TrabajoB,4992,6527889,6529457,1568
TrabajoA,4993,6529457,6530590,1133
TrabajoB,4994,6530590,6531621,1031
TrabajoA,4995,6531621,6532653,1032
TrabajoB,4996,6532653,6533726,1073
TrabajoA,4997,6533726,6534757,1031
TrabajoB,4998,6534757,6535788,1031
TrabajoA,4999,6535788,6536819,1031
TrabajoB,5000,6536819,6537885,1066
TrabajoA,5001,6537885,6538888,1003
TrabajoB,5002,6538888,6540001,1113
TrabajoA,5003,6540001,6541030,1029
TrabajoB,5004,6541030,6542116,1086
TrabajoA,5005,6542116,6543226,1110
TrabajoB,5006,6543226,6544312,1086
TrabajoA,5007,6544312,6545371,1059
TrabajoB,5008,6545371,6546402,1031
TrabajoA,5009,6546402,6547434,1032
TrabajoB,5010,6547434,6548469,1035
TrabajoA,5011,6548469,6549515,1046
TrabajoB,5012,6549515,6550547,1032
TrabajoA,5013,6550547,6551579,1032
TrabajoB,5014,6551579,6552611,1032
TrabajoA,5015,6552611,6553679,1068
TrabajoB,5016,6553679,6555037,1358
TrabajoA,5017,6555037,6556154,1117
TrabajoB,5018,6556154,6557241,1087
TrabajoA,5019,6557241,6558757,1516
TrabajoB,5020,6558757,6560259,1502
TrabajoA,5021,6560259,6562257,1998
TrabajoB,5022,6562257,6564251,1994
TrabajoA,5023,6564251,6566247,1996
TrabajoB,5024,6566247,6568241,1994
TrabajoA,5025,6568241,6570292,2051
TrabajoB,5026,6570292,6572235,1943
TrabajoA,5027,6572235,6574248,2013
TrabajoB,5028,6574248,6576220,1972
TrabajoA,5029,6576220,6578217,1997
TrabajoB,5030,6578217,6580209,1992
TrabajoA,5031,6580209,6581292,1083
TrabajoB,5032,6581292,6582356,1064
TrabajoA,5033,6582356,6583418,1062
TrabajoB,5034,6583418,6584455,1037
TrabajoA,5035,6584455,6585492,1037
TrabajoB,5036,6585492,6586584,1092
TrabajoA,5037,6586584,6587803,1219
TrabajoB,5038,6587803,6588834,1031
TrabajoA,5039,6588834,6589874,1040
TrabajoB,5040,6589874,6590952,1078
TrabajoA,5041,6590952,6592102,1150
TrabajoB,5042,6592102,6593788,1686
TrabajoA,5043,6593788,6595771,1983
TrabajoB,5044,6595771,6596846,1075
TrabajoA,5045,6596846,6598353,1507
TrabajoB,5046,6598353,6600347,1994
TrabajoA,5047,6600347,6601918,1571
TrabajoB,5048,6601918,6603522,1604
TrabajoA,5049,6603522,6605358,1836
TrabajoB,5050,6605358,6606554,1196
TrabajoA,5051,6606554,6607672,1118
TrabajoB,5052,6607672,6608710,1038
TrabajoA,5053,6608710,6609824,1114
TrabajoB,5054,6609824,6610861,1037
TrabajoA,5055,6610861,6611917,1056
TrabajoB,5056,6611917,6612951,1034
TrabajoA,5057,6612951,6613985,1034
TrabajoB,5058,6613985,6615029,1044
TrabajoA,5059,6615029,6616065,1036
TrabajoB,5060,6616065,6617145,1080
TrabajoA,5061,6617145,6618247,1102
TrabajoB,5062,6618247,6619286,1039
TrabajoA,5063,6619286,6621674,2388
TrabajoB,5064,6621674,6623670,1996
TrabajoA,5065,6623670,6625659,1989
TrabajoB,5066,6625659,6627662,2003
TrabajoA,5067,6627662,6629650,1988
TrabajoB,5068,6629650,6631647,1997
TrabajoA,5069,6631647,6633644,1997
TrabajoB,5070,6633644,6635633,1989
TrabajoA,5071,6635633,6637634,2001
TrabajoB,5072,6637634,6639624,1990
TrabajoA,5073,6639624,6641621,1997
TrabajoB,5074,6641621,6643151,1530
TrabajoA,5075,6643151,6644299,1148
TrabajoB,5076,6644299,6645338,1039
TrabajoA,5077,6645338,6646374,1036
TrabajoB,5078,6646374,6647507,1133
TrabajoA,5079,6647507,6648590,1083
TrabajoB,5080,6648590,6649622,1032
TrabajoA,5081,6649622,6650655,1033
TrabajoB,5082,6650655,6651687,1032
TrabajoA,5083,6651687,6652724,1037
TrabajoB,5084,6652724,6653766,1042
TrabajoA,5085,6653766,6655342,1576
TrabajoB,5086,6655342,6656706,1364
TrabajoA,5087,6656706,6657777,1071
TrabajoB,5088,6657777,6659006,1229
TrabajoA,5089,6659006,6660124,1118
TrabajoB,5090,6660124,6661184,1060
TrabajoA,5091,6661184,6662218,1034
TrabajoB,5092,6662218,6663752,1534
TrabajoA,5093,6663752,6664781,1029
TrabajoB,5094,6664781,6665818,1037
TrabajoA,5095,6665818,6666893,1075
TrabajoB,5096,6666893,6668011,1118
TrabajoA,5097,6668011,6669060,1049
TrabajoB,5098,6669060,6670154,1094
TrabajoA,5099,6670154,6671194,1040
TrabajoB,5100,6671194,6672271,1077
TrabajoA,5101,6672271,6673314,1043
TrabajoB,5102,6673314,6675308,1994
TrabajoA,5103,6675308,6676807,1499
TrabajoB,5104,6676807,6678803,1996
TrabajoA,5105,6678803,6680798,1995
TrabajoB,5106,6680798,6682796,1998
TrabajoA,5107,6682796,6684791,1995
TrabajoB,5108,6684791,6686073,1282
TrabajoA,5109,6686073,6687196,1123
TrabajoB,5110,6687196,6688339,1143
TrabajoA,5111,6688339,6689380,1041
TrabajoB,5112,6689380,6690419,1039
TrabajoA,5113,6690419,6691450,1031
TrabajoB,5114,6691450,6692502,1052
TrabajoA,5115,6692502,6693661,1159
TrabajoB,5116,6693661,6694701,1040
TrabajoA,5117,6694701,6695741,1040
TrabajoB,5118,6695741,6696836,1095
TrabajoA,5119,6696836,6697901,1065
TrabajoB,5120,6697901,6698951,1050
TrabajoA,5121,6698951,6699986,1035
TrabajoB,5122,6699986,6701125,1139
TrabajoA,5123,6701125,6702189,1064
TrabajoB,5124,6702189,6703225,1036
TrabajoA,5125,6703225,6704263,1038
TrabajoB,5126,6704263,6705305,1042
TrabajoA,5127,6705305,6706349,1044
TrabajoB,5128,6706349,6707391,1042
TrabajoA,5129,6707391,6708484,1093
TrabajoB,5130,6708484,6709655,1171
TrabajoA,5131,6709655,6710695,1040
TrabajoB,5132,6710695,6711737,1042
TrabajoA,5133,6711737,6712888,1151
TrabajoB,5134,6712888,6713910,1022
TrabajoA,5135,6713910,6715013,1103
TrabajoB,5136,6715013,6716559,1546
TrabajoA,5137,6716559,6718061,1502
TrabajoB,5138,6718061,6720057,1996
TrabajoA,5139,6720057,6721313,1256
TrabajoB,5140,6721313,6723305,1992
TrabajoA,5141,6723305,6725308,2003
TrabajoB,5142,6725308,6726859,1551
TrabajoA,5143,6726859,6727954,1095
TrabajoB,5144,6727954,6729061,1107
TrabajoA,5145,6729061,6730126,1065
TrabajoB,5146,6730126,6731161,1035
TrabajoA,5147,6731161,6732199,1038
TrabajoB,5148,6732199,6733233,1034
TrabajoA,5149,6733233,6734273,1040
TrabajoB,5150,6734273,6735319,1046
TrabajoA,5151,6735319,6736357,1038
TrabajoB,5152,6736357,6737404,1047
TrabajoA,5153,6737404,6738443,1039
TrabajoB,5154,6738443,6739624,1181
TrabajoA,5155,6739624,6740844,1220
TrabajoB,5156,6740844,6741917,1073
TrabajoA,5157,6741917,6743013,1096
TrabajoB,5158,6743013,6744161,1148
TrabajoA,5159,6744161,6745230,1069
TrabajoB,5160,6745230,6746269,1039
TrabajoA,5161,6746269,6747380,1111
TrabajoB,5162,6747380,6748473,1093
TrabajoA,5163,6748473,6749506,1033
TrabajoB,5164,6749506,6750542,1036
TrabajoA,5165,6750542,6751580,1038
TrabajoB,5166,6751580,6753045,1465
TrabajoA,5167,6753045,6754471,1426
TrabajoB,5168,6754471,6755801,1330
TrabajoA,5169,6755801,6757473,1672
TrabajoB,5170,6757473,6759511,2038
TrabajoA,5171,6759511,6761461,1950
TrabajoB,5172,6761461,6763439,1978
TrabajoA,5173,6763439,6764936,1497
TrabajoB,5174,6764936,6766933,1997
TrabajoA,5175,6766933,6768930,1997
TrabajoB,5176,6768930,6770931,2001
TrabajoA,5177,6770931,6772923,1992
TrabajoB,5178,6772923,6774922,1999
TrabajoA,5179,6774922,6775985,1063
TrabajoB,5180,6775985,6777117,1132
TrabajoA,5181,6777117,6778271,1154
TrabajoB,5182,6778271,6779300,1029
TrabajoA,5183,6779300,6780335,1035
TrabajoB,5184,6780335,6781370,1035
TrabajoA,5185,6781370,6782409,1039
TrabajoB,5186,6782409,6783449,1040
TrabajoA,5187,6783449,6784493,1044
TrabajoB,5188,6784493,6785530,1037
TrabajoA,5189,6785530,6786743,1213
TrabajoB,5190,6786743,6787822,1079
TrabajoA,5191,6787822,6788871,1049
TrabajoB,5192,6788871,6789947,1076
TrabajoA,5193,6789947,6791106,1159
TrabajoB,5194,6791106,6792221,1115
TrabajoA,5195,6792221,6793256,1035
TrabajoB,5196,6793256,6794291,1035
TrabajoA,5197,6794291,6795329,1038
TrabajoB,5198,6795329,6796364,1035
TrabajoA,5199,6796364,6797399,1035
TrabajoB,5200,6797399,6798470,1071
TrabajoA,5201,6798470,6799503,1033
TrabajoB,5202,6799503,6800538,1035
TrabajoA,5203,6800538,6801573,1035
TrabajoB,5204,6801573,6802648,1075
TrabajoA,5205,6802648,6803782,1134
TrabajoB,5206,6803782,6805778,1996
TrabajoA,5207,6805778,6807770,1992
TrabajoB,5208,6807770,6809764,1994
TrabajoA,5209,6809764,6811759,1995
TrabajoB,5210,6811759,6813753,1994
TrabajoA,5211,6813753,6815748,1995
TrabajoB,5212,6815748,6817747,1999
TrabajoA,5213,6817747,6819738,1991
TrabajoB,5214,6819738,6821736,1998
TrabajoA,5215,6821736,6823728,1992
TrabajoB,5216,6823728,6825722,1994
TrabajoA,5217,6825722,6827272,1550
TrabajoB,5218,6827272,6828361,1089
TrabajoA,5219,6828361,6829425,1064
TrabajoB,5220,6829425,6830461,1036
TrabajoA,5221,6830461,6831500,1039
TrabajoB,5222,6831500,6832583,1083
TrabajoA,5223,6832583,6833621,1038
TrabajoB,5224,6833621,6834653,1032
TrabajoA,5225,6834653,6835687,1034
TrabajoB,5226,6835687,6836721,1034
TrabajoA,5227,6836721,6837791,1070
TrabajoB,5228,6837791,6838879,1088
TrabajoA,5229,6838879,6839936,1057
TrabajoB,5230,6839936,6840992,1056
TrabajoA,5231,6840992,6842049,1057
TrabajoB,5232,6842049,6843080,1031
TrabajoA,5233,6843080,6844113,1033
TrabajoB,5234,6844113,6845144,1031
TrabajoA,5235,6845144,6846175,1031
TrabajoB,5236,6846175,6847208,1033
TrabajoA,5237,6847208,6848291,1083
TrabajoB,5238,6848291,6849399,1108
TrabajoA,5239,6849399,6850456,1057
TrabajoB,5240,6850456,6851533,1077
TrabajoA,5241,6851533,6852597,1064
TrabajoB,5242,6852597,6853661,1064
TrabajoA,5243,6853661,6854829,1168
TrabajoB,5244,6854829,6855872,1043
TrabajoA,5245,6855872,6857867,1995
TrabajoB,5246,6857867,6859863,1996
TrabajoA,5247,6859863,6861856,1993
TrabajoB,5248,6861856,6863856,2000
TrabajoA,5249,6863856,6865844,1988
TrabajoB,5250,6865844,6867838,1994
TrabajoA,5251,6867838,6869834,1996
TrabajoB,5252,6869834,6871831,1997
TrabajoA,5253,6871831,6873823,1992
TrabajoB,5254,6873823,6875817,1994
TrabajoA,5255,6875817,6877812,1995
TrabajoB,5256,6877812,6879810,1998
TrabajoA,5257,6879810,6880843,1033
TrabajoB,5258,6880843,6881935,1092
TrabajoA,5259,6881935,6883023,1088
TrabajoB,5260,6883023,6884087,1064
TrabajoA,5261,6884087,6885123,1036
TrabajoB,5262,6885123,6886160,1037
TrabajoA,5263,6886160,6887206,1046
TrabajoB,5264,6887206,6888236,1030
TrabajoA,5265,6888236,6889273,1037
TrabajoB,5266,6889273,6890310,1037
TrabajoA,5267,6890310,6891428,1118
TrabajoB,5268,6891428,6892515,1087
TrabajoA,5269,6892515,6893647,1132
TrabajoB,5270,6893647,6894681,1034
TrabajoA,5271,6894681,6895771,1090
TrabajoB,5272,6895771,6896833,1062
TrabajoA,5273,6896833,6897870,1037
TrabajoB,5274,6897870,6898907,1037
TrabajoA,5275,6898907,6899946,1039
TrabajoB,5276,6899946,6900982,1036
TrabajoA,5277,6900982,6902020,1038
TrabajoB,5278,6902020,6903057,1037
TrabajoA,5279,6903057,6904140,1083
TrabajoB,5280,6904140,6905206,1066
TrabajoA,5281,6905206,6906323,1117
TrabajoB,5282,6906323,6907364,1041
TrabajoA,5283,6907364,6908404,1040
TrabajoB,5284,6908404,6910404,2000
TrabajoA,5285,6910404,6912397,1993
TrabajoB,5286,6912397,6914390,1993
TrabajoA,5287,6914390,6916386,1996
TrabajoB,5288,6916386,6918380,1994
TrabajoA,5289,6918380,6920380,2000
TrabajoB,5290,6920380,6921881,1501
TrabajoA,5291,6921881,6923876,1995
TrabajoB,5292,6923876,6925872,1996
TrabajoA,5293,6925872,6927865,1993
TrabajoB,5294,6927865,6929859,1994
TrabajoA,5295,6929859,6931410,1551
TrabajoB,5296,6931410,6932530,1120
TrabajoA,5297,6932530,6933641,1111
TrabajoB,5298,6933641,6934674,1033
TrabajoA,5299,6934674,6935708,1034
TrabajoB,5300,6935708,6936743,1035
TrabajoA,5301,6936743,6937778,1035
TrabajoB,5302,6937778,6938824,1046
TrabajoA,5303,6938824,6939895,1071
TrabajoB,5304,6939895,6940936,1041
TrabajoA,5305,6940936,6941980,1044
TrabajoB,5306,6941980,6943079,1099
TrabajoA,5307,6943079,6944149,1070
TrabajoB,5308,6944149,6945216,1067
TrabajoA,5309,6945216,6946257,1041
TrabajoB,5310,6946257,6947350,1093
TrabajoA,5311,6947350,6948421,1071
TrabajoB,5312,6948421,6949461,1040
TrabajoA,5313,6949461,6950502,1041
TrabajoB,5314,6950502,6951547,1045
TrabajoA,5315,6951547,6952587,1040
TrabajoB,5316,6952587,6953640,1053
TrabajoA,5317,6953640,6954816,1176
TrabajoB,5318,6954816,6955946,1130
TrabajoA,5319,6955946,6957467,1521
TrabajoB,5320,6957467,6958535,1068
TrabajoA,5321,6958535,6959594,1059
TrabajoB,5322,6959594,6960629,1035
TrabajoA,5323,6960629,6962630,2001
TrabajoB,5324,6962630,6964621,1991
TrabajoA,5325,6964621,6966614,1993
TrabajoB,5326,6966614,6968612,1998
TrabajoA,5327,6968612,6970611,1999
TrabajoB,5328,6970611,6972621,2010
TrabajoA,5329,6972621,6974594,1973
TrabajoB,5330,6974594,6976589,1995
TrabajoA,5331,6976589,6978582,1993
TrabajoB,5332,6978582,6980577,1995
TrabajoA,5333,6980577,6982571,1994
TrabajoB,5334,6982571,6984137,1566
TrabajoA,5335,6984137,6985226,1089
TrabajoB,5336,6985226,6986343,1117
TrabajoA,5337,6986343,6987398,1055
TrabajoB,5338,6987398,6988440,1042
TrabajoA,5339,6988440,6989474,1034
TrabajoB,5340,6989474,6990523,1049
TrabajoA,5341,6990523,6991575,1052
TrabajoB,5342,6991575,6992587,1012
TrabajoA,5343,6992587,6993636,1049
TrabajoB,5344,6993636,6994670,1034
TrabajoA,5345,6994670,6995718,1048
TrabajoB,5346,6995718,6996815,1097
TrabajoA,5347,6996815,6998006,1191
TrabajoB,5348,6998006,6999130,1124
TrabajoA,5349,6999130,7000163,1033
TrabajoB,5350,7000163,7001247,1084
TrabajoA,5351,7001247,7002285,1038
TrabajoB,5352,7002285,7003327,1042
TrabajoA,5353,7003327,7004373,1046
TrabajoB,5354,7004373,7005402,1029
TrabajoA,5355,7005402,7006438,1036
TrabajoB,5356,7006438,7007475,1037
TrabajoA,5357,7007475,7008582,1107
TrabajoB,5358,7008582,7009670,1088
TrabajoA,5359,7009670,7010707,1037
TrabajoB,5360,7010707,7011821,1114
TrabajoA,5361,7011821,7012881,1060
TrabajoB,5362,7012881,7014877,1996
TrabajoA,5363,7014877,7016382,1505
TrabajoB,5364,7016382,7018379,1997
TrabajoA,5365,7018379,7020372,1993
TrabajoB,5366,7020372,7022366,1994
TrabajoA,5367,7022366,7024360,1994
TrabajoB,5368,7024360,7026357,1997
TrabajoA,5369,7026357,7028353,1996
TrabajoB,5370,7028353,7030345,1992
TrabajoA,5371,7030345,7032340,1995
TrabajoB,5372,7032340,7034335,1995
TrabajoA,5373,7034335,7036329,1994
TrabajoB,5374,7036329,7038324,1995
TrabajoA,5375,7038324,7040318,1994
TrabajoB,5376,7040318,7042313,1995
TrabajoA,5377,7042313,7044307,1994
TrabajoB,5378,7044307,7046303,1996
TrabajoA,5379,7046303,7047878,1575
TrabajoB,5380,7047878,7049040,1162
TrabajoA,5381,7049040,7050154,1114
TrabajoB,5382,7050154,7051276,1122
TrabajoA,5383,7051276,7052315,1039
TrabajoB,5384,7052315,7053354,1039
TrabajoA,5385,7053354,7054397,1043
TrabajoB,5386,7054397,7055426,1029
TrabajoA,5387,7055426,7056453,1027
TrabajoB,5388,7056453,7057486,1033
TrabajoA,5389,7057486,7058518,1032
TrabajoB,5390,7058518,7059543,1025
TrabajoA,5391,7059543,7060599,1056
TrabajoB,5392,7060599,7061718,1119
TrabajoA,5393,7061718,7062770,1052
TrabajoB,5394,7062770,7063895,1125
TrabajoA,5395,7063895,7064990,1095
TrabajoB,5396,7064990,7066515,1525
TrabajoA,5397,7066515,7067561,1046
TrabajoB,5398,7067561,7068597,1036
TrabajoA,5399,7068597,7069634,1037
TrabajoB,5400,7069634,7071178,1544
TrabajoA,5401,7071178,7072656,1478
TrabajoB,5402,7072656,7074654,1998
TrabajoA,5403,7074654,7076648,1994
TrabajoB,5404,7076648,7078643,1995
TrabajoA,5405,7078643,7080638,1995
TrabajoB,5406,7080638,7082214,1576
TrabajoA,5407,7082214,7083307,1093
TrabajoB,5408,7083307,7084372,1065
TrabajoA,5409,7084372,7085408,1036
TrabajoB,5410,7085408,7086473,1065
TrabajoA,5411,7086473,7087537,1064
TrabajoB,5412,7087537,7088584,1047
TrabajoA,5413,7088584,7089617,1033
TrabajoB,5414,7089617,7090651,1034
TrabajoA,5415,7090651,7091686,1035
TrabajoB,5416,7091686,7092722,1036
TrabajoA,5417,7092722,7093757,1035
TrabajoB,5418,7093757,7094950,1193
TrabajoA,5419,7094950,7096089,1139
TrabajoB,5420,7096089,7097126,1037
TrabajoA,5421,7097126,7098190,1064
TrabajoB,5422,7098190,7099224,1034
TrabajoA,5423,7099224,7100260,1036
TrabajoB,5424,7100260,7101294,1034
TrabajoA,5425,7101294,7102332,1038
TrabajoB,5426,7102332,7103370,1038
TrabajoA,5427,7103370,7104419,1049
TrabajoB,5428,7104419,7105458,1039
TrabajoA,5429,7105458,7106527,1069
TrabajoB,5430,7106527,7107567,1040
TrabajoA,5431,7107567,7108638,1071
TrabajoB,5432,7108638,7109841,1203
TrabajoA,5433,7109841,7110883,1042
TrabajoB,5434,7110883,7112879,1996
TrabajoA,5435,7112879,7114382,1503
TrabajoB,5436,7114382,7116377,1995
TrabajoA,5437,7116377,7118375,1998
TrabajoB,5438,7118375,7120368,1993
TrabajoA,5439,7120368,7122364,1996
TrabajoB,5440,7122364,7124357,1993
TrabajoA,5441,7124357,7126354,1997
TrabajoB,5442,7126354,7128346,1992
TrabajoA,5443,7128346,7130340,1994
TrabajoB,5444,7130340,7132334,1994
TrabajoA,5445,7132334,7134330,1996
TrabajoB,5446,7134330,7135450,1120
TrabajoA,5447,7135450,7136513,1063
TrabajoB,5448,7136513,7137602,1089
TrabajoA,5449,7137602,7138631,1029
TrabajoB,5450,7138631,7139677,1046
TrabajoA,5451,7139677,7140704,1027
TrabajoB,5452,7140704,7142223,1519
TrabajoA,5453,7142223,7143716,1493
TrabajoB,5454,7143716,7144814,1098
TrabajoA,5455,7144814,7145876,1062
TrabajoB,5456,7145876,7146991,1115
TrabajoA,5457,7146991,7148059,1068
TrabajoB,5458,7148059,7149095,1036
TrabajoA,5459,7149095,7150130,1035
TrabajoB,5460,7150130,7151165,1035
TrabajoA,5461,7151165,7152200,1035
TrabajoB,5462,7152200,7153235,1035
TrabajoA,5463,7153235,7154297,1062
TrabajoB,5464,7154297,7155335,1038
TrabajoA,5465,7155335,7156406,1071
TrabajoB,5466,7156406,7157438,1032
TrabajoA,5467,7157438,7158557,1119
TrabajoB,5468,7158557,7159648,1091
TrabajoA,5469,7159648,7160739,1091
TrabajoB,5470,7160739,7161804,1065
TrabajoA,5471,7161804,7162840,1036
TrabajoB,5472,7162840,7164360,1520
TrabajoA,5473,7164360,7165862,1502
TrabajoB,5474,7165862,7167861,1999
TrabajoA,5475,7167861,7169854,1993
TrabajoB,5476,7169854,7171855,2001
TrabajoA,5477,7171855,7173424,1569
TrabajoB,5478,7173424,7175013,1589
TrabajoA,5479,7175013,7176128,1115
TrabajoB,5480,7176128,7177194,1066
TrabajoA,5481,7177194,7178233,1039
TrabajoB,5482,7178233,7179281,1048
TrabajoA,5483,7179281,7180318,1037
TrabajoB,5484,7180318,7181355,1037
TrabajoA,5485,7181355,7182393,1038
TrabajoB,5486,7182393,7183430,1037
TrabajoA,5487,7183430,7184467,1037
TrabajoB,5488,7184467,7185508,1041
TrabajoA,5489,7185508,7186575,1067
TrabajoB,5490,7186575,7187751,1176
TrabajoA,5491,7187751,7188838,1087
TrabajoB,5492,7188838,7189900,1062
TrabajoA,5493,7189900,7190928,1028
TrabajoB,5494,7190928,7191960,1032
TrabajoA,5495,7191960,7192991,1031
TrabajoB,5496,7192991,7194037,1046
TrabajoA,5497,7194037,7195070,1033
TrabajoB,5498,7195070,7196103,1033
TrabajoA,5499,7196103,7197134,1031
TrabajoB,5500,7197134,7198166,1032
TrabajoA,5501,7198166,7199273,1107
TrabajoB,5502,7199273,7200335,1062
TrabajoA,5503,7200335,7201448,1113
TrabajoB,5504,7201448,7202479,1031
TrabajoA,5505,7202479,7203561,1082
TrabajoB,5506,7203561,7205560,1999
TrabajoA,5507,7205560,7207061,1501
TrabajoB,5508,7207061,7209056,1995
TrabajoA,5509,7209056,7211050,1994
TrabajoB,5510,7211050,7213044,1994
TrabajoA,5511,7213044,7215039,1995
TrabajoB,5512,7215039,7217036,1997
TrabajoA,5513,7217036,7219031,1995
TrabajoB,5514,7219031,7221028,1997
TrabajoA,5515,7221028,7223018,1990
TrabajoB,5516,7223018,7225013,1995
TrabajoA,5517,7225013,7227008,1995
TrabajoB,5518,7227008,7228126,1118
TrabajoA,5519,7228126,7229213,1087
TrabajoB,5520,7229213,7230303,1090
TrabajoA,5521,7230303,7231337,1034
TrabajoB,5522,7231337,7232373,1036
TrabajoA,5523,7232373,7233408,1035
TrabajoB,5524,7233408,7234604,1196
TrabajoA,5525,7234604,7235642,1038
TrabajoB,5526,7235642,7236684,1042
TrabajoA,5527,7236684,7237728,1044
TrabajoB,5528,7237728,7238816,1088
TrabajoA,5529,7238816,7239913,1097
TrabajoB,5530,7239913,7241007,1094
TrabajoA,5531,7241007,7242101,1094
TrabajoB,5532,7242101,7243139,1038
TrabajoA,5533,7243139,7244178,1039
TrabajoB,5534,7244178,7245218,1040
TrabajoA,5535,7245218,7246258,1040
TrabajoB,5536,7246258,7247301,1043
TrabajoA,5537,7247301,7248341,1040
TrabajoB,5538,7248341,7249493,1152
TrabajoA,5539,7249493,7250520,1027
TrabajoB,5540,7250520,7251674,1154
TrabajoA,5541,7251674,7252732,1058
TrabajoB,5542,7252732,7253789,1057
TrabajoA,5543,7253789,7254845,1056
TrabajoB,5544,7254845,7255953,1108
TrabajoA,5545,7255953,7257948,1995
TrabajoB,5546,7257948,7259452,1504
TrabajoA,5547,7259452,7261446,1994
TrabajoB,5548,7261446,7263441,1995
TrabajoA,5549,7263441,7265440,1999
TrabajoB,5550,7265440,7267430,1990
TrabajoA,5551,7267430,7269425,1995
TrabajoB,5552,7269425,7271429,2004
TrabajoA,5553,7271429,7273415,1986
TrabajoB,5554,7273415,7275409,1994
TrabajoA,5555,7275409,7277403,1994
TrabajoB,5556,7277403,7279010,1607
TrabajoA,5557,7279010,7280133,1123
TrabajoB,5558,7280133,7281219,1086
TrabajoA,5559,7281219,7282255,1036
TrabajoB,5560,7282255,7283292,1037
TrabajoA,5561,7283292,7284328,1036
TrabajoB,5562,7284328,7285363,1035
TrabajoA,5563,7285363,7286398,1035
TrabajoB,5564,7286398,7287443,1045
TrabajoA,5565,7287443,7288472,1029
TrabajoB,5566,7288472,7289510,1038
TrabajoA,5567,7289510,7290545,1035
TrabajoB,5568,7290545,7291665,1120
TrabajoA,5569,7291665,7292792,1127
TrabajoB,5570,7292792,7293880,1088
TrabajoA,5571,7293880,7294916,1036
TrabajoB,5572,7294916,7295989,1073
TrabajoA,5573,7295989,7297022,1033
TrabajoB,5574,7297022,7298060,1038
TrabajoA,5575,7298060,7299099,1039
TrabajoB,5576,7299099,7300133,1034
TrabajoA,5577,7300133,7301168,1035
TrabajoB,5578,7301168,7302203,1035
TrabajoA,5579,7302203,7303294,1091
TrabajoB,5580,7303294,7304439,1145
TrabajoA,5581,7304439,7305502,1063
TrabajoB,5582,7305502,7306594,1092
TrabajoA,5583,7306594,7307659,1065
TrabajoB,5584,7307659,7309653,1994
TrabajoA,5585,7309653,7311159,1506
TrabajoB,5586,7311159,7313155,1996
TrabajoA,5587,7313155,7315147,1992
TrabajoB,5588,7315147,7317141,1994
TrabajoA,5589,7317141,7319136,1995
TrabajoB,5590,7319136,7321135,1999
TrabajoA,5591,7321135,7323126,1991
TrabajoB,5592,7323126,7324630,1504
TrabajoA,5593,7324630,7326643,2013
TrabajoB,5594,7326643,7328623,1980
TrabajoA,5595,7328623,7330615,1992
TrabajoB,5596,7330615,7331707,1092
TrabajoA,5597,7331707,7332735,1028
TrabajoB,5598,7332735,7333768,1033
TrabajoA,5599,7333768,7334800,1032
TrabajoB,5600,7334800,7335883,1083
TrabajoA,5601,7335883,7336914,1031
TrabajoB,5602,7336914,7337948,1034
TrabajoA,5603,7337948,7338978,1030
TrabajoB,5604,7338978,7340010,1032
TrabajoA,5605,7340010,7341046,1036
TrabajoB,5606,7341046,7342163,1117
TrabajoA,5607,7342163,7343301,1138
TrabajoB,5608,7343301,7344342,1041
TrabajoA,5609,7344342,7345374,1032
TrabajoB,5610,7345374,7346404,1030
TrabajoA,5611,7346404,7347464,1060
TrabajoB,5612,7347464,7348495,1031
TrabajoA,5613,7348495,7349527,1032
TrabajoB,5614,7349527,7350561,1034
TrabajoA,5615,7350561,7351593,1032
TrabajoB,5616,7351593,7352625,1032
TrabajoA,5617,7352625,7353657,1032
TrabajoB,5618,7353657,7354846,1189
TrabajoA,5619,7354846,7355965,1119
TrabajoB,5620,7355965,7357261,1296
TrabajoA,5621,7357261,7358299,1038
TrabajoB,5622,7358299,7359347,1048
TrabajoA,5623,7359347,7361347,2000
TrabajoB,5624,7361347,7362850,1503
TrabajoA,5625,7362850,7364844,1994
TrabajoB,5626,7364844,7366839,1995
TrabajoA,5627,7366839,7368834,1995
TrabajoB,5628,7368834,7370837,2003
TrabajoA,5629,7370837,7372585,1748
TrabajoB,5630,7372585,7373710,1125
TrabajoA,5631,7373710,7374761,1051
TrabajoB,5632,7374761,7375787,1026
TrabajoA,5633,7375787,7376825,1038
TrabajoB,5634,7376825,7377889,1064
TrabajoA,5635,7377889,7378923,1034
TrabajoB,5636,7378923,7379961,1038
TrabajoA,5637,7379961,7380993,1032
TrabajoB,5638,7380993,7382031,1038
TrabajoA,5639,7382031,7383071,1040
TrabajoB,5640,7383071,7384167,1096
TrabajoA,5641,7384167,7385272,1105
TrabajoB,5642,7385272,7386458,1186
TrabajoA,5643,7386458,7387751,1293
TrabajoB,5644,7387751,7388800,1049
TrabajoA,5645,7388800,7389835,1035
TrabajoB,5646,7389835,7390877,1042
TrabajoA,5647,7390877,7391907,1030
TrabajoB,5648,7391907,7392940,1033
TrabajoA,5649,7392940,7393971,1031
TrabajoB,5650,7393971,7395016,1045
TrabajoA,5651,7395016,7396123,1107
TrabajoB,5652,7396123,7397188,1065
TrabajoA,5653,7397188,7398282,1094
TrabajoB,5654,7398282,7399373,1091
TrabajoA,5655,7399373,7400482,1109
TrabajoB,5656,7400482,7402064,1582
TrabajoA,5657,7402064,7404061,1997
TrabajoB,5658,7404061,7406053,1992
TrabajoA,5659,7406053,7408047,1994
TrabajoB,5660,7408047,7410041,1994
TrabajoA,5661,7410041,7412035,1994
TrabajoB,5662,7412035,7414031,1996
TrabajoA,5663,7414031,7416024,1993
TrabajoB,5664,7416024,7418019,1995
TrabajoA,5665,7418019,7420016,1997
TrabajoB,5666,7420016,7422008,1992
TrabajoA,5667,7422008,7424003,1995
TrabajoB,5668,7424003,7425078,1075
TrabajoA,5669,7425078,7426168,1090
TrabajoB,5670,7426168,7427231,1063
TrabajoA,5671,7427231,7428267,1036
TrabajoB,5672,7428267,7429303,1036
TrabajoA,5673,7429303,7430340,1037
TrabajoB,5674,7430340,7431377,1037
TrabajoA,5675,7431377,7432414,1037
TrabajoB,5676,7432414,7433454,1040
TrabajoA,5677,7433454,7434504,1050
TrabajoB,5678,7434504,7435576,1072
TrabajoA,5679,7435576,7436643,1067
TrabajoB,5680,7436643,7437768,1125
TrabajoA,5681,7437768,7438887,1119
TrabajoB,5682,7438887,7439928,1041
TrabajoA,5683,7439928,7440968,1040
TrabajoB,5684,7440968,7442009,1041
TrabajoA,5685,7442009,7443050,1041
TrabajoB,5686,7443050,7444090,1040
TrabajoA,5687,7444090,7445135,1045
TrabajoB,5688,7445135,7446177,1042
TrabajoA,5689,7446177,7447218,1041
TrabajoB,5690,7447218,7448261,1043
TrabajoA,5691,7448261,7449390,1129
TrabajoB,5692,7449390,7450580,1190
TrabajoA,5693,7450580,7451677,1097
TrabajoB,5694,7451677,7452757,1080
TrabajoA,5695,7452757,7454283,1526
TrabajoB,5696,7454283,7455781,1498
TrabajoA,5697,7455781,7457774,1993
TrabajoB,5698,7457774,7459769,1995
TrabajoA,5699,7459769,7461763,1994
TrabajoB,5700,7461763,7462782,1019
TrabajoA,5701,7462782,7464774,1992
TrabajoB,5702,7464774,7466780,2006
TrabajoA,5703,7466780,7468763,1983
TrabajoB,5704,7468763,7470769,2006
TrabajoA,5705,7470769,7472752,1983
TrabajoB,5706,7472752,7474749,1997
TrabajoA,5707,7474749,7476331,1582
TrabajoB,5708,7476331,7477454,1123
TrabajoA,5709,7477454,7478492,1038
TrabajoB,5710,7478492,7479540,1048
TrabajoA,5711,7479540,7480577,1037
TrabajoB,5712,7480577,7481644,1067
TrabajoA,5713,7481644,7482675,1031
TrabajoB,5714,7482675,7483711,1036
TrabajoA,5715,7483711,7484747,1036
TrabajoB,5716,7484747,7485785,1038
TrabajoA,5717,7485785,7486876,1091
TrabajoB,5718,7486876,7487966,1090
TrabajoA,5719,7487966,7489028,1062
TrabajoB,5720,7489028,7490090,1062
TrabajoA,5721,7490090,7491151,1061
TrabajoB,5722,7491151,7492242,1091
TrabajoA,5723,7492242,7493281,1039
TrabajoB,5724,7493281,7494328,1047
TrabajoA,5725,7494328,7495366,1038
TrabajoB,5726,7495366,7496402,1036
TrabajoA,5727,7496402,7497470,1068
TrabajoB,5728,7497470,7498529,1059
TrabajoA,5729,7498529,7499601,1072
TrabajoB,5730,7499601,7500633,1032
TrabajoA,5731,7500633,7501721,1088
TrabajoB,5732,7501721,7502808,1087
TrabajoA,5733,7502808,7503863,1055
TrabajoB,5734,7503863,7504894,1031
TrabajoA,5735,7504894,7506892,1998
TrabajoB,5736,7506892,7508397,1505
TrabajoA,5737,7508397,7510390,1993
TrabajoB,5738,7510390,7512385,1995
TrabajoA,5739,7512385,7514382,1997
TrabajoB,5740,7514382,7516374,1992
TrabajoA,5741,7516374,7517515,1141
TrabajoB,5742,7517515,7518603,1088
TrabajoA,5743,7518603,7519639,1036
TrabajoB,5744,7519639,7520674,1035
TrabajoA,5745,7520674,7521707,1033
TrabajoB,5746,7521707,7522741,1034
TrabajoA,5747,7522741,7523764,1023
TrabajoB,5748,7523764,7524798,1034
TrabajoA,5749,7524798,7525830,1032
TrabajoB,5750,7525830,7526861,1031
TrabajoA,5751,7526861,7527895,1034
TrabajoB,5752,7527895,7529046,1151
TrabajoA,5753,7529046,7530200,1154
TrabajoB,5754,7530200,7531289,1089
TrabajoA,5755,7531289,7532327,1038
TrabajoB,5756,7532327,7533366,1039
TrabajoA,5757,7533366,7534407,1041
TrabajoB,5758,7534407,7535446,1039
TrabajoA,5759,7535446,7536487,1041
TrabajoB,5760,7536487,7537531,1044
TrabajoA,5761,7537531,7538577,1046
TrabajoB,5762,7538577,7539617,1040
TrabajoA,5763,7539617,7540657,1040
TrabajoB,5764,7540657,7541767,1110
TrabajoA,5765,7541767,7542908,1141
TrabajoB,5766,7542908,7544036,1128
TrabajoA,5767,7544036,7545064,1028
TrabajoB,5768,7545064,7546576,1512
TrabajoA,5769,7546576,7548571,1995
TrabajoB,5770,7548571,7550570,1999
TrabajoA,5771,7550570,7552561,1991
TrabajoB,5772,7552561,7554566,2005
TrabajoA,5773,7554566,7556557,1991
TrabajoB,5774,7556557,7558546,1989
TrabajoA,5775,7558546,7559721,1175
TrabajoB,5776,7559721,7560829,1108
TrabajoA,5777,7560829,7561861,1032
TrabajoB,5778,7561861,7562894,1033
TrabajoA,5779,7562894,7563926,1032
TrabajoB,5780,7563926,7564961,1035
TrabajoA,5781,7564961,7565994,1033
TrabajoB,5782,7565994,7567028,1034
TrabajoA,5783,7567028,7568064,1036
TrabajoB,5784,7568064,7569099,1035
TrabajoA,5785,7569099,7570133,1034
TrabajoB,5786,7570133,7571233,1100
TrabajoA,5787,7571233,7572360,1127
TrabajoB,5788,7572360,7573444,1084
TrabajoA,5789,7573444,7574477,1033
TrabajoB,5790,7574477,7575607,1130
TrabajoA,5791,7575607,7576641,1034
TrabajoB,5792,7576641,7577675,1034
TrabajoA,5793,7577675,7578744,1069
TrabajoB,5794,7578744,7580263,1519
TrabajoA,5795,7580263,7581298,1035
TrabajoB,5796,7581298,7582335,1037
TrabajoA,5797,7582335,7583403,1068
TrabajoB,5798,7583403,7584504,1101
TrabajoA,5799,7584504,7585592,1088
TrabajoB,5800,7585592,7586726,1134
TrabajoA,5801,7586726,7587779,1053
TrabajoB,5802,7587779,7589292,1513
TrabajoA,5803,7589292,7590795,1503
TrabajoB,5804,7590795,7592790,1995
TrabajoA,5805,7592790,7594786,1996
TrabajoB,5806,7594786,7596780,1994
TrabajoA,5807,7596780,7598776,1996
TrabajoB,5808,7598776,7600770,1994
TrabajoA,5809,7600770,7602764,1994
TrabajoB,5810,7602764,7604764,2000
TrabajoA,5811,7604764,7606755,1991
TrabajoB,5812,7606755,7608748,1993
TrabajoA,5813,7608748,7610742,1994
TrabajoB,5814,7610742,7611840,1098
TrabajoA,5815,7611840,7612957,1117
TrabajoB,5816,7612957,7613998,1041
TrabajoA,5817,7613998,7615034,1036
TrabajoB,5818,7615034,7616071,1037
TrabajoA,5819,7616071,7617109,1038
TrabajoB,5820,7617109,7618146,1037
TrabajoA,5821,7618146,7619183,1037
TrabajoB,5822,7619183,7620220,1037
TrabajoA,5823,7620220,7621264,1044
TrabajoB,5824,7621264,7622354,1090
TrabajoA,5825,7622354,7623444,1090
TrabajoB,5826,7623444,7624538,1094
TrabajoA,5827,7624538,7625625,1087
TrabajoB,5828,7625625,7626659,1034
TrabajoA,5829,7626659,7627693,1034
TrabajoB,5830,7627693,7628731,1038
TrabajoA,5831,7628731,7629763,1032
TrabajoB,5832,7629763,7630798,1035
TrabajoA,5833,7630798,7631831,1033
TrabajoB,5834,7631831,7632866,1035
TrabajoA,5835,7632866,7633898,1032
TrabajoB,5836,7633898,7634933,1035
TrabajoA,5837,7634933,7636024,1091
TrabajoB,5838,7636024,7637151,1127
TrabajoA,5839,7637151,7638242,1091
TrabajoB,5840,7638242,7639279,1037
TrabajoA,5841,7639279,7640797,1518
TrabajoB,5842,7640797,7642299,1502
TrabajoA,5843,7642299,7644296,1997
TrabajoB,5844,7644296,7646291,1995
TrabajoA,5845,7646291,7648286,1995
TrabajoB,5846,7648286,7650280,1994
TrabajoA,5847,7650280,7652277,1997
TrabajoB,5848,7652277,7654281,2004
TrabajoA,5849,7654281,7656265,1984
TrabajoB,5850,7656265,7658262,1997
TrabajoA,5851,7658262,7660254,1992
TrabajoB,5852,7660254,7662249,1995
TrabajoA,5853,7662249,7664245,1996
TrabajoB,5854,7664245,7666238,1993
TrabajoA,5855,7666238,7668233,1995
TrabajoB,5856,7668233,7670235,2002
TrabajoA,5857,7670235,7672233,1998
TrabajoB,5858,7672233,7674219,1986
TrabajoA,5859,7674219,7675782,1563
TrabajoB,5860,7675782,7676816,1034
TrabajoA,5861,7676816,7677851,1035
TrabajoB,5862,7677851,7678885,1034
TrabajoA,5863,7678885,7679923,1038
TrabajoB,5864,7679923,7680957,1034
TrabajoA,5865,7680957,7681992,1035
TrabajoB,5866,7681992,7683027,1035
TrabajoA,5867,7683027,7684159,1132
TrabajoB,5868,7684159,7685193,1034
TrabajoA,5869,7685193,7686285,1092
TrabajoB,5870,7686285,7687401,1116
TrabajoA,5871,7687401,7688438,1037
TrabajoB,5872,7688438,7689484,1046
TrabajoA,5873,7689484,7690518,1034
TrabajoB,5874,7690518,7691553,1035
TrabajoA,5875,7691553,7692588,1035
TrabajoB,5876,7692588,7693622,1034
TrabajoA,5877,7693622,7694657,1035
TrabajoB,5878,7694657,7695745,1088
TrabajoA,5879,7695745,7696779,1034
TrabajoB,5880,7696779,7697814,1035
TrabajoA,5881,7697814,7698878,1064
TrabajoB,5882,7698878,7700089,1211
TrabajoA,5883,7700089,7701192,1103
TrabajoB,5884,7701192,7702223,1031
TrabajoA,5885,7702223,7703258,1035
TrabajoB,5886,7703258,7705590,2332
TrabajoA,5887,7705590,7707589,1999
TrabajoB,5888,7707589,7709582,1993
TrabajoA,5889,7709582,7711576,1994
TrabajoB,5890,7711576,7713571,1995
TrabajoA,5891,7713571,7715565,1994
TrabajoB,5892,7715565,7717562,1997
TrabajoA,5893,7717562,7719553,1991
TrabajoB,5894,7719553,7721551,1998
TrabajoA,5895,7721551,7723544,1993
TrabajoB,5896,7723544,7725538,1994
TrabajoA,5897,7725538,7727150,1612
TrabajoB,5898,7727150,7728303,1153
TrabajoA,5899,7728303,7729421,1118
TrabajoB,5900,7729421,7730747,1326
TrabajoA,5901,7730747,7731779,1032
TrabajoB,5902,7731779,7732819,1040
TrabajoA,5903,7732819,7734250,1431
TrabajoB,5904,7734250,7735287,1037
TrabajoA,5905,7735287,7736465,1178
TrabajoB,5906,7736465,7737510,1045
TrabajoA,5907,7737510,7738546,1036
TrabajoB,5908,7738546,7739654,1108
TrabajoA,5909,7739654,7740722,1068
TrabajoB,5910,7740722,7741845,1123
TrabajoA,5911,7741845,7742934,1089
TrabajoB,5912,7742934,7744026,1092
TrabajoA,5913,7744026,7745063,1037
TrabajoB,5914,7745063,7746353,1290
TrabajoA,5915,7746353,7747394,1041
TrabajoB,5916,7747394,7748430,1036
TrabajoA,5917,7748430,7749471,1041
TrabajoB,5918,7749471,7750511,1040
TrabajoA,5919,7750511,7751552,1041
TrabajoB,5920,7751552,7752592,1040
TrabajoA,5921,7752592,7753730,1138
TrabajoB,5922,7753730,7754864,1134
TrabajoA,5923,7754864,7755960,1096
TrabajoB,5924,7755960,7757055,1095
TrabajoA,5925,7757055,7759054,1999
TrabajoB,5926,7759054,7761048,1994
TrabajoA,5927,7761048,7763049,2001
TrabajoB,5928,7763049,7765035,1986
TrabajoA,5929,7765035,7767032,1997
TrabajoB,5930,7767032,7769025,1993
TrabajoA,5931,7769025,7771027,2002
TrabajoB,5932,7771027,7773016,1989
TrabajoA,5933,7773016,7775011,1995
TrabajoB,5934,7775011,7777009,1998
TrabajoA,5935,7777009,7779008,1999
TrabajoB,5936,7779008,7781098,2090
TrabajoA,5937,7781098,7782241,1143
TrabajoB,5938,7782241,7783302,1061
TrabajoA,5939,7783302,7784337,1035
TrabajoB,5940,7784337,7785430,1093
TrabajoA,5941,7785430,7786759,1329
TrabajoB,5942,7786759,7787858,1099
TrabajoA,5943,7787858,7788891,1033
TrabajoB,5944,7788891,7790318,1427
TrabajoA,5945,7790318,7791360,1042
TrabajoB,5946,7791360,7792436,1076
TrabajoA,5947,7792436,7793715,1279
TrabajoB,5948,7793715,7794851,1136
TrabajoA,5949,7794851,7795919,1068
TrabajoB,5950,7795919,7796953,1034
TrabajoA,5951,7796953,7797988,1035
TrabajoB,5952,7797988,7799023,1035
TrabajoA,5953,7799023,7800059,1036
TrabajoB,5954,7800059,7801093,1034
TrabajoA,5955,7801093,7802129,1036
TrabajoB,5956,7802129,7803163,1034
TrabajoA,5957,7803163,7804202,1039
TrabajoB,5958,7804202,7805271,1069
TrabajoA,5959,7805271,7806436,1165
TrabajoB,5960,7806436,7807511,1075
TrabajoA,5961,7807511,7808644,1133
TrabajoB,5962,7808644,7809672,1028
TrabajoA,5963,7809672,7810704,1032
TrabajoB,5964,7810704,7812701,1997
TrabajoA,5965,7812701,7814205,1504
TrabajoB,5966,7814205,7816199,1994
TrabajoA,5967,7816199,7818194,1995
TrabajoB,5968,7818194,7820188,1994
TrabajoA,5969,7820188,7822184,1996
TrabajoB,5970,7822184,7823772,1588
TrabajoA,5971,7823772,7824889,1117
TrabajoB,5972,7824889,7825953,1064
TrabajoA,5973,7825953,7826989,1036
TrabajoB,5974,7826989,7828027,1038
TrabajoA,5975,7828027,7829064,1037
TrabajoB,5976,7829064,7830100,1036
TrabajoA,5977,7830100,7831140,1040
TrabajoB,5978,7831140,7832175,1035
TrabajoA,5979,7832175,7833233,1058
TrabajoB,5980,7833233,7834280,1047
TrabajoA,5981,7834280,7835429,1149
TrabajoB,5982,7835429,7836519,1090
TrabajoA,5983,7836519,7837556,1037
TrabajoB,5984,7837556,7838650,1094
TrabajoA,5985,7838650,7839773,1123
TrabajoB,5986,7839773,7840814,1041
TrabajoA,5987,7840814,7841849,1035
TrabajoB,5988,7841849,7842886,1037
TrabajoA,5989,7842886,7843921,1035
TrabajoB,5990,7843921,7844959,1038
TrabajoA,5991,7844959,7846031,1072
TrabajoB,5992,7846031,7847120,1089
TrabajoA,5993,7847120,7848183,1063
TrabajoB,5994,7848183,7849274,1091
TrabajoA,5995,7849274,7850336,1062
TrabajoB,5996,7850336,7851426,1090
TrabajoA,5997,7851426,7852943,1517
TrabajoB,5998,7852943,7854479,1536
TrabajoA,5999,7854479,7856446,1967
TrabajoB,6000,7856446,7858441,1995
Supervisor,6001,7858441,7858441,0
